X, Y, Pressure, TiltX, TiltY, Time
664.335,334.4,0.091796875,10725,10054,00:02.9615329
664.335,334.4,0.091796875,11008,10489,00:02.9836672
664.335,334.4,0.22802734375,11349,11256,00:02.9995991
664.4775,335.033333333333,0.27001953125,11386,11519,00:03.0149113
664.905,335.793333333333,0.291259765625,11430,11564,00:03.0149113
665.475,336.553333333333,0.302001953125,11430,11564,00:03.0305460
665.9025,338.2,0.35009765625,11358,11628,00:03.0464834
667.47,341.113333333333,0.3798828125,11358,11628,00:03.0681869
668.1825,343.14,0.40185546875,11303,11673,00:03.0681869
668.7525,344.533333333333,0.411376953125,11303,11673,00:03.0838333
670.035,347.32,0.426025390625,11410,11791,00:03.0838333
670.4625,348.206666666667,0.431640625,11463,11851,00:03.0994423
671.6025,350.36,0.447509765625,11484,11921,00:03.1150719
674.025,354.92,0.470458984375,11526,11967,00:03.1306806
675.5925,357.453333333333,0.489990234375,11526,11967,00:03.1306806
676.02,358.086666666667,0.494873046875,11526,11967,00:03.1464159
677.445,359.86,0.508544921875,11526,11967,00:03.1464159
677.8725,360.366666666667,0.512939453125,11526,11967,00:03.1623004
679.44,362.266666666667,0.5234375,11526,11967,00:03.1623004
679.8675,362.9,0.5263671875,11526,11967,00:03.1683055
680.295,363.533333333333,0.529296875,11526,11967,00:03.1841546
682.1475,366.193333333333,0.548583984375,11526,11967,00:03.1996258
684.1425,368.473333333333,0.552734375,11526,11967,00:03.2152003
686.28,371.133333333333,0.5654296875,11526,11967,00:03.2309439
688.275,373.793333333333,0.573486328125,11526,11967,00:03.2464163
689.985,376.326666666667,0.581298828125,11526,11967,00:03.2464163
690.555,376.96,0.583251953125,11526,11967,00:03.2620432
691.98,378.733333333333,0.588134765625,11526,11967,00:03.2841935
695.2575,382.533333333333,0.603515625,11526,11967,00:03.2841935
695.8275,383.04,0.60693359375,11526,11967,00:03.2998054
698.25,385.446666666667,0.6123046875,11526,11967,00:03.3154386
701.385,388.106666666667,0.621337890625,11477,12004,00:03.3310537
702.81,389.753333333333,0.621337890625,11447,12025,00:03.3466710
705.375,391.906666666667,0.629150390625,11447,12025,00:03.3688320
708.3675,394.693333333333,0.639892578125,11406,11977,00:03.3844680
711.645,397.986666666667,0.649658203125,11363,11928,00:03.4000828
713.4975,400.013333333333,0.655517578125,11243,11787,00:03.4000828
713.925,400.393333333333,0.655517578125,11243,11787,00:03.4157004
715.35,402.04,0.662353515625,11243,11787,00:03.4313363
717.345,404.066666666667,0.668212890625,11243,11787,00:03.4472914
719.4825,405.966666666667,0.672119140625,11243,11787,00:03.4627174
721.62,408.12,0.677001953125,11243,11787,00:03.4999711
724.47,411.033333333333,0.681884765625,11216,11806,00:03.4999711
724.8975,411.54,0.677001953125,11216,11806,00:03.5155977
726.8925,413.566666666667,0.6689453125,11140,11715,00:03.5313684
730.455,417.62,0.7177734375,11056,11614,00:03.5313684
731.025,418.126666666667,0.7138671875,11056,11614,00:03.5468325
732.735,419.52,0.696533203125,10981,11523,00:03.5624545
734.5875,421.293333333333,0.698486328125,10944,11479,00:03.5845857
737.1525,423.573333333333,0.702392578125,10906,11432,00:03.6002111
739.29,425.473333333333,0.704345703125,10906,11432,00:03.6158265
741,426.993333333333,0.708984375,10906,11432,00:03.6158265
741.4275,427.373333333333,0.708984375,10906,11432,00:03.6314605
743.1375,428.766666666667,0.7109375,10906,11432,00:03.6470753
743.7075,429.02,0.712890625,10906,11432,00:03.6470753
744.5625,429.653333333333,0.712890625,10884,11447,00:03.6692151
746.5575,430.92,0.721923828125,10884,11447,00:03.6692151
746.985,431.3,0.721923828125,10884,11447,00:03.6848514
748.8375,432.186666666667,0.71923828125,10884,11447,00:03.7004849
750.12,432.946666666667,0.71923828125,10884,11447,00:03.7004849
750.5475,433.073333333333,0.71923828125,10884,11447,00:03.7160981
751.4025,433.833333333333,0.71923828125,10884,11447,00:03.7317188
752.8275,434.973333333333,0.71923828125,10847,11402,00:03.7477046
753.825,435.986666666667,0.71923828125,10847,11402,00:03.7631027
754.68,436.873333333333,0.71923828125,10847,11402,00:03.7851644
755.25,437.38,0.71923828125,10807,11352,00:03.8008340
755.82,437.886666666667,0.71923828125,10769,11304,00:03.8008340
755.82,437.886666666667,0.71923828125,10769,11304,00:03.8162064
755.82,437.886666666667,0.71923828125,10731,11257,00:03.8162064
756.105,438.14,0.71923828125,10691,11207,00:03.8316473
756.39,438.393333333333,0.71923828125,10691,11207,00:03.8472273
756.39,438.393333333333,0.71923828125,10691,11207,00:03.8628469
756.675,438.52,0.71923828125,10691,11207,00:03.8628469
756.675,438.52,0.71923828125,10691,11207,00:03.8693831
756.675,438.52,0.71923828125,10691,11207,00:03.8693831
756.675,438.52,0.71923828125,10691,11207,00:03.8850202
756.675,438.52,0.71923828125,10691,11207,00:03.9006387
756.675,438.52,0.71923828125,10691,11207,00:03.9162588
756.675,438.52,0.71923828125,10691,11207,00:03.9319528
756.675,438.52,0.71923828125,10691,11207,00:03.9319528
756.675,438.52,0.71923828125,10691,11207,00:03.9475092
756.675,438.52,0.71923828125,10691,11207,00:03.9631309
756.675,438.52,0.71923828125,10691,11207,00:03.9853167
756.675,438.52,0.71923828125,10691,11207,00:03.9853167
756.675,438.52,0.71923828125,10691,11207,00:04.0008993
756.675,438.52,0.71923828125,10691,11207,00:04.0008993
756.675,438.52,0.71923828125,10691,11207,00:04.0167105
756.675,438.52,0.71923828125,10691,11207,00:04.0167105
756.5325,438.773333333333,0.71923828125,10691,11207,00:04.0324263
755.82,439.026666666667,0.71923828125,10651,11157,00:04.0324263
755.82,439.026666666667,0.71923828125,10651,11157,00:04.0480494
755.25,439.28,0.71923828125,10651,11157,00:04.0634247
754.68,439.533333333333,0.71923828125,10651,11157,00:04.0699328
754.2525,439.66,0.71923828125,10651,11157,00:04.0856058
753.1125,440.04,0.71923828125,10651,11157,00:04.0856058
752.8275,440.04,0.71923828125,10651,11157,00:04.1012880
751.9725,440.293333333333,0.71923828125,10651,11157,00:04.1168329
750.8325,440.673333333333,0.71923828125,10651,11157,00:04.1324311
749.55,441.306666666667,0.71923828125,10651,11157,00:04.1324311
749.265,441.306666666667,0.71923828125,10671,11143,00:04.1480447
748.41,441.686666666667,0.71923828125,10671,11143,00:04.1480447
748.2675,441.813333333333,0.71923828125,10671,11143,00:04.1636661
747.27,442.193333333333,0.71923828125,10671,11143,00:04.1636661
746.985,442.32,0.71923828125,10671,11143,00:04.1701870
746.7,442.446666666667,0.71923828125,10671,11143,00:04.1858194
746.2725,442.7,0.7294921875,10671,11143,00:04.2014358
745.1325,443.08,0.745361328125,10671,11143,00:04.2171118
744.5625,443.46,0.745361328125,10671,11143,00:04.2328457
743.85,443.713333333333,0.745361328125,10671,11143,00:04.2483004
743.565,443.84,0.745361328125,10671,11143,00:04.2483004
742.995,444.22,0.747314453125,10671,11143,00:04.2704438
741.9975,444.473333333333,0.74462890625,10671,11143,00:04.2860699
740.145,445.486666666667,0.74462890625,10671,11143,00:04.2860699
739.86,445.613333333333,0.74462890625,10671,11143,00:04.3017051
738.8625,445.993333333333,0.74462890625,10671,11143,00:04.3173242
737.58,446.626666666667,0.7470703125,10671,11143,00:04.3173242
737.295,446.88,0.7470703125,10671,11143,00:04.3333953
736.44,447.64,0.7470703125,10671,11143,00:04.3486098
735.1575,448.526666666667,0.7470703125,10690,11129,00:04.3486098
734.73,448.78,0.7470703125,10690,11129,00:04.3641822
733.7325,449.413333333333,0.7470703125,10690,11129,00:04.3706903
733.1625,449.92,0.7470703125,10690,11129,00:04.3863589
731.88,450.68,0.7470703125,10708,11115,00:04.4020953
730.455,451.44,0.7470703125,10708,11115,00:04.4020953
730.0275,451.566666666667,0.7470703125,10708,11115,00:04.4175585
729.03,452.2,0.7470703125,10708,11115,00:04.4331807
727.7475,453.086666666667,0.7470703125,10708,11115,00:04.4331807
727.4625,453.213333333333,0.7470703125,10708,11115,00:04.4488025
726.3225,453.72,0.7470703125,10708,11115,00:04.4709343
725.4675,453.846666666667,0.7470703125,10708,11115,00:04.4865674
724.8975,454.1,0.7470703125,10708,11115,00:04.5024223
724.185,454.733333333333,0.7470703125,10708,11115,00:04.5178823
724.0425,454.986666666667,0.7470703125,10708,11115,00:04.5178823
723.7575,455.113333333333,0.7470703125,10708,11115,00:04.5178823
723.7575,455.113333333333,0.7470703125,10708,11115,00:04.5334294
723.1875,455.493333333333,0.7470703125,10708,11115,00:04.5491080
723.045,455.746666666667,0.7470703125,10708,11115,00:04.5649697
722.6175,456,0.7470703125,10708,11115,00:04.5709797
722.3325,456.126666666667,0.7470703125,10708,11115,00:04.5709797
722.3325,456.126666666667,0.7470703125,10708,11115,00:04.5866124
722.0475,456.38,0.7470703125,10708,11115,00:04.5866124
721.905,456.633333333333,0.7470703125,10708,11115,00:04.6022547
721.62,456.886666666667,0.7470703125,10708,11115,00:04.6022547
721.335,457.14,0.7470703125,10708,11115,00:04.6181053
721.1925,457.393333333333,0.7470703125,10708,11115,00:04.6181053
721.1925,457.393333333333,0.7470703125,10708,11115,00:04.6335229
720.9075,457.646666666667,0.7470703125,10708,11115,00:04.6335229
720.9075,457.646666666667,0.7470703125,10708,11115,00:04.6490947
720.6225,457.9,0.7470703125,10708,11115,00:04.6490947
720.6225,457.9,0.7470703125,10708,11115,00:04.6647180
720.3375,458.153333333333,0.7470703125,10708,11115,00:04.6868962
719.91,458.406666666667,0.7470703125,10708,11115,00:04.6868962
719.91,458.406666666667,0.7470703125,10708,11115,00:04.7025827
719.7675,458.533333333333,0.7470703125,10708,11115,00:04.7181057
719.1975,458.913333333333,0.7470703125,10708,11115,00:04.7337293
718.9125,459.04,0.7470703125,10708,11115,00:04.7493633
718.6275,459.293333333333,0.7470703125,10708,11115,00:04.7649691
718.2,459.546666666667,0.7470703125,10708,11115,00:04.7871186
717.345,460.053333333333,0.7470703125,10708,11115,00:04.8027433
716.775,460.306666666667,0.7470703125,10708,11115,00:04.8183603
716.49,461.193333333333,0.7470703125,10708,11115,00:04.8183603
716.205,461.193333333333,0.7470703125,10708,11115,00:04.8342007
715.92,461.193333333333,0.7470703125,10708,11115,00:04.8499893
715.065,461.573333333333,0.7470703125,10708,11115,00:04.8499893
714.9225,461.7,0.7470703125,10708,11115,00:04.8656016
714.21,462.08,0.7470703125,10708,11115,00:04.8716084
713.7825,462.333333333333,0.7470703125,10708,11115,00:04.8872875
712.785,462.84,0.7470703125,10708,11115,00:04.9028629
711.645,463.346666666667,0.7490234375,10708,11115,00:04.9184889
710.22,463.98,0.7490234375,10726,11102,00:04.9341445
709.08,464.74,0.7509765625,10745,11087,00:04.9497335
707.5125,465.5,0.753173828125,10783,11056,00:04.9497335
707.085,465.626666666667,0.753173828125,10783,11056,00:04.9669321
705.945,466.133333333333,0.755126953125,10824,11021,00:04.9679693
705.5175,466.26,0.755126953125,10824,11021,00:04.9769742
704.3775,466.893333333333,0.755126953125,10824,11021,00:04.9926041
703.095,467.78,0.755126953125,10824,11021,00:04.9926041
702.6675,468.033333333333,0.755126953125,10824,11021,00:05.0086448
701.385,468.666666666667,0.757080078125,10824,11021,00:05.0239543
699.675,469.553333333333,0.757080078125,10824,11021,00:05.0396246
698.1075,470.186666666667,0.757080078125,10824,11021,00:05.0550836
696.54,470.946666666667,0.757080078125,10824,11021,00:05.0550836
696.255,471.2,0.759033203125,10824,11021,00:05.0722474
695.2575,471.706666666667,0.759033203125,10824,11021,00:05.0722474
694.9725,471.833333333333,0.759033203125,10824,11021,00:05.0878759
693.69,472.593333333333,0.759033203125,10824,11021,00:05.0878759
693.405,472.846666666667,0.759033203125,10824,11021,00:05.1035111
692.265,473.48,0.759033203125,10824,11021,00:05.1191306
691.2675,474.113333333333,0.760986328125,10824,11021,00:05.1191306
690.9825,474.366666666667,0.760986328125,10824,11021,00:05.1347601
690.1275,474.746666666667,0.760986328125,10824,11021,00:05.1347601
689.8425,475,0.760986328125,10824,11021,00:05.1503672
689.13,475.38,0.760986328125,10824,11021,00:05.1503672
688.845,475.506666666667,0.760986328125,10824,11021,00:05.1664119
688.275,476.013333333333,0.760986328125,10824,11021,00:05.1880727
686.7075,477.026666666667,0.760986328125,10824,11021,00:05.2037146
685.71,477.533333333333,0.760986328125,10824,11021,00:05.2193165
684.7125,478.04,0.760986328125,10841,11006,00:05.2349074
683.5725,478.673333333333,0.760986328125,10841,11006,00:05.2349074
683.2875,478.8,0.760986328125,10858,10991,00:05.2505330
682.4325,479.306666666667,0.760986328125,10858,10991,00:05.2661586
681.435,480.066666666667,0.760986328125,10877,10973,00:05.2726692
681.15,480.193333333333,0.760986328125,10877,10973,00:05.2883023
679.8675,481.333333333333,0.760986328125,10910,10941,00:05.2883023
679.5825,481.586666666667,0.760986328125,10910,10941,00:05.3039225
678.585,482.346666666667,0.760986328125,10910,10941,00:05.3039225
678.3,482.6,0.760986328125,10910,10941,00:05.3195436
677.3025,483.36,0.760986328125,10910,10941,00:05.3351710
676.02,484.246666666667,0.760986328125,10956,10988,00:05.3507957
674.1675,485.64,0.760986328125,10956,10988,00:05.3664125
673.5975,486.02,0.760986328125,10956,10988,00:05.3664125
673.3125,486.273333333333,0.760986328125,10956,10988,00:05.3729269
673.3125,486.273333333333,0.760986328125,10956,10988,00:05.3885619
672.1725,487.16,0.760986328125,10956,10988,00:05.4042794
671.745,487.54,0.760986328125,10956,10988,00:05.4198049
671.46,487.666666666667,0.760986328125,10956,10988,00:05.4357367
671.175,487.793333333333,0.760986328125,10956,10988,00:05.4357367
670.89,487.92,0.762939453125,10956,10988,00:05.4357367
670.89,487.92,0.762939453125,10956,10988,00:05.4514281
670.89,487.92,0.762939453125,10956,10988,00:05.4729174
670.7475,488.173333333333,0.762939453125,10956,10988,00:05.4886255
670.7475,488.173333333333,0.764892578125,10956,10988,00:05.4886255
670.7475,488.173333333333,0.764892578125,10956,10988,00:05.5042248
670.7475,488.173333333333,0.764892578125,10956,10988,00:05.5042248
670.7475,488.173333333333,0.764892578125,10956,10988,00:05.5198323
670.7475,488.173333333333,0.764892578125,10956,10988,00:05.5354100
670.7475,488.173333333333,0.766845703125,10974,10970,00:05.5510322
670.4625,488.173333333333,0.766845703125,10974,10970,00:05.5510322
670.4625,488.173333333333,0.766845703125,10974,10970,00:05.5732047
670.4625,488.173333333333,0.766845703125,10974,10970,00:05.5888421
670.035,488.173333333333,0.766845703125,10974,10970,00:05.5888421
670.035,488.173333333333,0.766845703125,10974,10970,00:05.6044568
670.035,488.173333333333,0.766845703125,10974,10970,00:05.6044568
670.035,488.173333333333,0.766845703125,10974,10970,00:05.6200829
670.035,488.173333333333,0.766845703125,10974,10970,00:05.6357137
669.75,488.173333333333,0.766845703125,10974,10970,00:05.6357137
669.75,488.173333333333,0.766845703125,10974,10970,00:05.6513195
669.465,488.173333333333,0.766845703125,10974,10970,00:05.6734783
669.465,488.173333333333,0.766845703125,10974,10970,00:05.6734783
669.465,488.173333333333,0.766845703125,10974,10970,00:05.6891458
669.465,488.173333333333,0.766845703125,10974,10970,00:05.6891458
669.465,488.173333333333,0.766845703125,10990,10954,00:05.7047280
669.465,488.173333333333,0.766845703125,10990,10954,00:05.7047280
669.465,488.173333333333,0.766845703125,10990,10954,00:05.7203954
669.465,488.173333333333,0.768798828125,10990,10954,00:05.7203954
669.465,488.173333333333,0.768798828125,10990,10954,00:05.7362799
669.465,488.173333333333,0.768798828125,10990,10954,00:05.7362799
669.465,488.173333333333,0.768798828125,10990,10954,00:05.7518716
669.465,488.173333333333,0.768798828125,10990,10954,00:05.7518716
669.3225,488.173333333333,0.768798828125,10990,10954,00:05.7676203
669.3225,488.173333333333,0.768798828125,10990,10954,00:05.7736310
669.3225,488.173333333333,0.768798828125,10990,10954,00:05.7895767
669.18,487.92,0.770751953125,10990,10954,00:05.8205440
668.895,487.54,0.770751953125,10990,10954,00:05.8361278
668.7525,487.033333333333,0.770751953125,10990,10954,00:05.8517498
668.7525,486.78,0.772705078125,10990,10954,00:05.8673750
668.4675,486.273333333333,0.772705078125,10990,10954,00:05.8895237
668.4675,486.273333333333,0.772705078125,10990,10954,00:05.8895237
668.4675,485.893333333333,0.772705078125,10990,10954,00:05.8895237
668.4675,485.893333333333,0.772705078125,10990,10954,00:05.9051511
668.4675,485.64,0.772705078125,10990,10954,00:05.9207746
668.4675,485.26,0.772705078125,10990,10954,00:05.9363941
668.4675,485.26,0.772705078125,10990,10954,00:05.9363941
668.4675,485.26,0.772705078125,10990,10954,00:05.9520098
668.7525,485.26,0.7705078125,10990,10954,00:05.9741485
668.7525,485.26,0.7705078125,10990,10954,00:05.9741485
668.7525,485.26,0.7705078125,10990,10954,00:05.9900822
668.7525,485.26,0.7705078125,10946,10910,00:05.9900822
668.895,485.133333333333,0.7705078125,10946,10910,00:06.0055639
668.895,484.88,0.7705078125,10946,10910,00:06.0055639
668.7525,484.373333333333,0.7705078125,10946,10910,00:06.0210747
668.325,483.74,0.782958984375,10946,10910,00:06.0371523
668.325,483.613333333333,0.77490234375,10946,10910,00:06.0371523
668.325,483.613333333333,0.77490234375,10946,10910,00:06.0528344
668.325,483.613333333333,0.77490234375,10946,10910,00:06.0682520
668.325,483.613333333333,0.76904296875,10946,10910,00:06.0742687
668.4675,483.486666666667,0.76904296875,10946,10910,00:06.0742687
668.4675,483.486666666667,0.76904296875,10946,10910,00:06.0899136
668.61,483.233333333333,0.76904296875,10946,10910,00:06.0899136
668.61,483.233333333333,0.76904296875,10946,10910,00:06.1055513
668.7525,482.726666666667,0.76904296875,10946,10910,00:06.1211499
668.7525,482.726666666667,0.76904296875,10946,10910,00:06.1367808
668.1825,481.586666666667,0.76904296875,10946,10910,00:06.1523939
667.3275,480.066666666667,0.76904296875,10946,10910,00:06.1745294
666.4725,478.8,0.773681640625,10946,10910,00:06.1745294
666.33,478.546666666667,0.773681640625,10946,10910,00:06.1901546
665.76,477.533333333333,0.773681640625,10946,10910,00:06.2057768
665.19,476.393333333333,0.773681640625,10946,10910,00:06.2213973
664.335,475.506666666667,0.773681640625,10946,10910,00:06.2213973
664.05,475.253333333333,0.773681640625,10946,10910,00:06.2370366
663.3375,474.493333333333,0.775634765625,10946,10910,00:06.2370366
663.195,474.366666666667,0.775634765625,10946,10910,00:06.2526505
662.625,473.86,0.77294921875,10946,10910,00:06.2748086
661.9125,473.226666666667,0.76904296875,10946,10910,00:06.2748086
661.77,473.1,0.76904296875,10946,10910,00:06.2904433
660.7725,472.34,0.76904296875,10946,10910,00:06.3064897
660.2025,471.833333333333,0.76904296875,10946,10910,00:06.3064897
660.2025,471.833333333333,0.76904296875,10946,10910,00:06.3216826
660.2025,471.833333333333,0.76904296875,10946,10910,00:06.3216826
660.2025,471.833333333333,0.76904296875,10946,10910,00:06.3418676
659.205,470.82,0.76904296875,10946,10910,00:06.3652696
657.21,468.793333333333,0.77685546875,10997,10960,00:06.3747952
656.925,468.666666666667,0.77685546875,10997,10960,00:06.3904381
656.07,467.78,0.77392578125,11040,11003,00:06.4060488
656.07,467.78,0.77099609375,11040,11003,00:06.4216699
654.645,466.64,0.774658203125,11127,11089,00:06.4216699
654.2175,466.386666666667,0.774658203125,11127,11089,00:06.4372914
652.935,465.246666666667,0.774658203125,11127,11089,00:06.4372914
652.7925,464.866666666667,0.774658203125,11127,11089,00:06.4529186
652.2225,464.106666666667,0.774658203125,11127,11089,00:06.4750614
650.37,461.826666666667,0.774658203125,11127,11089,00:06.4906875
648.8025,459.673333333333,0.774658203125,11127,11089,00:06.5063094
647.3775,457.393333333333,0.774658203125,11127,11089,00:06.5063094
647.0925,456.76,0.774658203125,11127,11089,00:06.5219449
645.525,454.733333333333,0.774658203125,11173,11134,00:06.5375539
644.2425,453.593333333333,0.774658203125,11173,11134,00:06.5375539
643.9575,453.213333333333,0.774658203125,11173,11134,00:06.5531792
642.8175,451.946666666667,0.774658203125,11173,11134,00:06.5687938
640.8225,450.046666666667,0.776611328125,11173,11134,00:06.5753175
640.5375,449.666666666667,0.776611328125,11173,11134,00:06.5910162
638.685,448.146666666667,0.769287109375,11173,11134,00:06.6068057
637.26,447.006666666667,0.777587890625,11173,11134,00:06.6222296
635.55,445.993333333333,0.775146484375,11173,11134,00:06.6378414
633.84,444.853333333333,0.773193359375,11308,11267,00:06.6378414
633.4125,444.6,0.773193359375,11308,11267,00:06.6537022
631.9875,443.966666666667,0.773193359375,11351,11309,00:06.6692039
630.5625,443.206666666667,0.77099609375,11396,11354,00:06.6910953
628.8525,442.193333333333,0.77099609375,11437,11395,00:06.7067200
627.9975,441.56,0.76904296875,11437,11395,00:06.7067200
627.7125,441.433333333333,0.76904296875,11437,11395,00:06.7223817
627,441.053333333333,0.76708984375,11480,11437,00:06.7379613
625.86,440.293333333333,0.76513671875,11480,11437,00:06.7535813
625.575,440.166666666667,0.76513671875,11480,11437,00:06.7535813
625.4325,440.04,0.76513671875,11480,11437,00:06.7757454
625.4325,440.04,0.76318359375,11480,11437,00:06.7913855
625.1475,440.04,0.76318359375,11480,11437,00:06.8070052
625.1475,440.04,0.76318359375,11480,11437,00:06.8226195
625.1475,439.913333333333,0.76123046875,11480,11437,00:06.8382909
625.1475,439.913333333333,0.76123046875,11480,11437,00:06.8382909
625.1475,439.913333333333,0.76123046875,11480,11437,00:06.8540718
625.1475,439.913333333333,0.76123046875,11480,11437,00:06.8540718
625.1475,439.913333333333,0.76123046875,11480,11437,00:06.8758118
625.1475,439.913333333333,0.76123046875,11480,11437,00:06.8758118
625.1475,439.913333333333,0.76123046875,11480,11437,00:06.8917856
625.1475,439.913333333333,0.75927734375,11480,11437,00:06.8917856
625.1475,439.913333333333,0.75927734375,11480,11437,00:06.9073704
625.29,439.66,0.75927734375,11480,11437,00:06.9073704
625.29,439.66,0.75927734375,11480,11437,00:06.9227126
625.4325,439.406666666667,0.75927734375,11480,11437,00:06.9227126
625.4325,439.406666666667,0.75927734375,11480,11437,00:06.9383716
625.4325,439.406666666667,0.75927734375,11480,11437,00:06.9383716
625.4325,439.406666666667,0.75927734375,11480,11437,00:06.9540802
625.575,439.153333333333,0.75927734375,11480,11437,00:06.9540802
625.575,439.153333333333,0.75927734375,11480,11437,00:06.9695550
625.7175,438.9,0.75927734375,11480,11437,00:06.9695550
625.7175,438.9,0.75927734375,11480,11437,00:06.9918386
626.0025,438.266666666667,0.75927734375,11480,11437,00:07.0074636
626.2875,437.886666666667,0.75927734375,11480,11437,00:07.0074636
626.43,437.506666666667,0.75927734375,11480,11437,00:07.0230832
626.5725,436.873333333333,0.75927734375,11480,11437,00:07.0230832
626.715,436.62,0.75927734375,11480,11437,00:07.0387032
626.8575,436.113333333333,0.75927734375,11480,11437,00:07.0543364
627.285,434.72,0.75927734375,11480,11437,00:07.0765286
627.855,433.326666666667,0.75927734375,11480,11437,00:07.0921615
628.71,431.553333333333,0.75927734375,11480,11437,00:07.1077836
628.995,430.413333333333,0.75927734375,11525,11481,00:07.1077836
629.28,430.033333333333,0.75927734375,11525,11481,00:07.1234029
629.85,428.893333333333,0.75927734375,11567,11523,00:07.1390357
630.5625,427.88,0.75927734375,11567,11523,00:07.1390357
630.705,427.626666666667,0.75927734375,11567,11523,00:07.1546641
631.275,426.866666666667,0.75927734375,11567,11523,00:07.1768518
631.9875,425.726666666667,0.75927734375,11567,11523,00:07.1926990
632.985,423.953333333333,0.75927734375,11567,11523,00:07.1926990
633.1275,423.573333333333,0.75927734375,11567,11523,00:07.2081803
633.6975,422.56,0.75927734375,11567,11523,00:07.2238540
634.2675,421.166666666667,0.75927734375,11567,11523,00:07.2393581
635.1225,419.393333333333,0.75927734375,11567,11523,00:07.2549763
636.12,417.62,0.76123046875,11567,11523,00:07.2705879
637.83,416.733333333333,0.76123046875,11567,11523,00:07.2770943
638.8275,415.973333333333,0.76123046875,11567,11523,00:07.2927207
638.8275,413.313333333333,0.75927734375,11540,11550,00:07.3083408
639.3975,410.906666666667,0.75927734375,11518,11572,00:07.3083408
639.6825,410.4,0.75927734375,11518,11572,00:07.3239635
640.2525,408.246666666667,0.75927734375,11518,11572,00:07.3395882
640.8225,406.853333333333,0.75927734375,11518,11572,00:07.3395882
641.25,406.6,0.75927734375,11518,11572,00:07.3552118
642.105,405.586666666667,0.75927734375,11518,11572,00:07.3769406
643.6725,403.94,0.75927734375,11518,11572,00:07.3769406
644.1,403.686666666667,0.75927734375,11518,11572,00:07.3925798
645.525,402.04,0.75927734375,11518,11572,00:07.3925798
645.81,401.66,0.75927734375,11518,11572,00:07.4083334
646.38,400.52,0.75927734375,11451,11634,00:07.4238261
647.0925,398.873333333333,0.75927734375,11428,11655,00:07.4238261
647.3775,398.493333333333,0.75927734375,11428,11655,00:07.4394455
647.0925,396.086666666667,0.75927734375,11428,11655,00:07.4550991
647.235,393.553333333333,0.75927734375,11428,11655,00:07.4550991
647.3775,393.046666666667,0.75927734375,11428,11655,00:07.4710753
647.805,391.653333333333,0.75927734375,11428,11655,00:07.4770917
647.9475,390.766666666667,0.75927734375,11449,11721,00:07.4931544
649.0875,389.246666666667,0.75927734375,11427,11739,00:07.5088893
649.3725,386.586666666667,0.78271484375,11343,11806,00:07.5088893
649.515,385.953333333333,0.779052734375,11343,11806,00:07.5244117
649.9425,384.433333333333,0.761962890625,11343,11806,00:07.5244117
650.085,383.8,0.761962890625,11382,11850,00:07.5397628
650.655,382.28,0.759765625,11382,11850,00:07.5397628
650.7975,381.773333333333,0.759765625,11382,11850,00:07.5552587
651.51,380.253333333333,0.759765625,11382,11850,00:07.5552587
651.6525,379.62,0.759765625,11382,11850,00:07.5708392
652.365,377.973333333333,0.759765625,11382,11850,00:07.5773515
652.65,377.593333333333,0.759765625,11382,11850,00:07.5929820
653.9325,373.793333333333,0.759765625,11382,11850,00:07.6086178
654.7875,371.26,0.759765625,11382,11850,00:07.6086178
654.7875,370.246666666667,0.759765625,11359,11867,00:07.6242247
655.0725,367.206666666667,0.759765625,11335,11884,00:07.6242247
655.0725,366.446666666667,0.763427734375,11386,11943,00:07.6554680
655.5,364.546666666667,0.782470703125,11386,11943,00:07.6554680
655.785,364.293333333333,0.7783203125,11427,11991,00:07.6781338
656.925,361,0.782470703125,11427,11991,00:07.6781338
656.925,359.986666666667,0.7783203125,11427,11991,00:07.7016209
657.495,356.313333333333,0.75830078125,11427,11991,00:07.7214932
659.0625,352.26,0.75830078125,11427,11991,00:07.7370987
660.06,349.726666666667,0.75830078125,11402,12009,00:07.7527196
660.345,346.56,0.75830078125,11372,12029,00:07.7683512
660.915,344.28,0.75830078125,11372,12029,00:07.7783737
661.0575,343.14,0.75830078125,11372,12029,00:07.7943803
661.485,341.113333333333,0.75830078125,11372,12029,00:07.8096828
661.6275,339.213333333333,0.75830078125,11372,12029,00:07.8252540
661.6275,337.693333333333,0.75830078125,11372,12029,00:07.8252540
661.6275,337.313333333333,0.75830078125,11372,12029,00:07.8408688
661.9125,335.666666666667,0.75390625,11372,12029,00:07.8721169
662.1975,334.653333333333,0.7509765625,11372,12029,00:07.8721169
662.4825,334.4,0.730712890625,11372,12029,00:07.8786795
621.585,445.74,0.198974609375,11292,12001,00:09.4320743
621.4425,445.613333333333,0.2021484375,11375,11675,00:09.4476456
621.4425,445.613333333333,0.26708984375,11540,11433,00:09.4632675
622.0125,445.106666666667,0.291259765625,11689,11257,00:09.4788964
622.0125,445.106666666667,0.31884765625,11689,11257,00:09.5010959
623.295,444.726666666667,0.406982421875,11689,11257,00:09.5167147
624.8625,445.106666666667,0.435546875,11689,11257,00:09.5325567
626.2875,445.36,0.45556640625,11689,11257,00:09.5325567
626.715,445.486666666667,0.460205078125,11689,11257,00:09.5479894
627.855,445.866666666667,0.473388671875,11689,11257,00:09.5635759
629.4225,446.12,0.488037109375,11689,11257,00:09.5635759
629.9925,446.12,0.492919921875,11689,11257,00:09.5791927
632.5575,445.993333333333,0.524169921875,11689,11257,00:09.6013361
637.83,445.106666666667,0.56982421875,11725,11209,00:09.6013361
638.8275,444.853333333333,0.57275390625,11742,11185,00:09.6170193
642.105,444.22,0.579345703125,11742,11185,00:09.6170193
643.245,443.966666666667,0.581298828125,11742,11185,00:09.6325786
646.2375,443.206666666667,0.585693359375,11742,11185,00:09.6483540
650.085,442.573333333333,0.593505859375,11742,11185,00:09.6638117
654.2175,441.94,0.6064453125,11742,11185,00:09.6859486
658.4925,441.433333333333,0.622314453125,11742,11185,00:09.6859486
660.7725,441.306666666667,0.630615234375,11742,11185,00:09.7016315
665.3325,441.306666666667,0.6455078125,11544,11019,00:09.7171968
669.18,441.306666666667,0.655517578125,11544,11019,00:09.7171968
670.035,441.306666666667,0.658447265625,11544,11019,00:09.7328216
672.7425,441.306666666667,0.667236328125,11544,11019,00:09.7484416
676.875,441.56,0.677978515625,11544,11019,00:09.7640653
681.0075,441.433333333333,0.686767578125,11544,11019,00:09.7861994
687.135,441.053333333333,0.703857421875,11544,11019,00:09.7861994
688.1325,441.053333333333,0.7060546875,11499,10982,00:09.8018314
691.695,440.926666666667,0.715576171875,11499,10982,00:09.8174529
695.4,440.546666666667,0.723876953125,11499,10982,00:09.8330789
700.245,440.293333333333,0.731689453125,11499,10982,00:09.8487026
703.38,440.04,0.742431640625,11499,10982,00:09.8487026
704.235,439.913333333333,0.742431640625,11499,10982,00:09.8643663
706.515,439.786666666667,0.744384765625,11499,10982,00:09.8643663
707.2275,439.66,0.744384765625,11499,10982,00:09.8803416
709.365,439.406666666667,0.74169921875,11398,10898,00:09.8863465
710.6475,439.406666666667,0.74169921875,11398,10898,00:09.9019854
713.355,438.9,0.745849609375,11353,10860,00:09.9175984
715.92,438.14,0.750244140625,11322,10901,00:09.9333010
718.485,437.506666666667,0.752197265625,11292,10940,00:09.9488924
721.1925,436.873333333333,0.758056640625,11276,10960,00:09.9644835
723.615,436.24,0.761962890625,11261,10979,00:09.9644835
724.185,436.113333333333,0.761962890625,11261,10979,00:09.9800867
726.465,435.606666666667,0.765869140625,11261,10979,00:09.9800867
727.1775,435.48,0.765869140625,11261,10979,00:10.0022777
731.1675,434.72,0.767822265625,11261,10979,00:10.0179033
734.0175,434.34,0.7978515625,11261,10979,00:10.0179033
734.73,434.213333333333,0.7978515625,11261,10979,00:10.0335383
736.725,433.96,0.7978515625,11261,10979,00:10.0491528
739.7175,433.453333333333,0.7978515625,11226,11020,00:10.0491528
740.2875,433.453333333333,0.7978515625,11226,11020,00:10.0647750
742.2825,433.326666666667,0.795166015625,11210,11038,00:10.0869063
745.275,433.073333333333,0.798095703125,11210,11038,00:10.0869063
745.845,433.073333333333,0.80029296875,11210,11038,00:10.1025313
748.41,432.946666666667,0.805419921875,11210,11038,00:10.1181609
750.69,432.946666666667,0.805419921875,11210,11038,00:10.1181609
751.1175,433.073333333333,0.805419921875,11210,11038,00:10.1337864
753.255,433.453333333333,0.810791015625,11168,10999,00:10.1493983
754.68,433.453333333333,0.810791015625,11115,10950,00:10.1650268
756.39,433.453333333333,0.810791015625,11073,10911,00:10.1650268
756.675,433.453333333333,0.810791015625,11073,10911,00:10.1806501
758.2425,433.58,0.810791015625,11026,10867,00:10.2028042
759.9525,433.833333333333,0.813720703125,10995,10900,00:10.2185812
761.0925,433.706666666667,0.816650390625,10963,10934,00:10.2185812
761.3775,433.706666666667,0.816650390625,10945,10952,00:10.2341586
762.09,433.58,0.816650390625,10945,10952,00:10.2496798
763.0875,433.326666666667,0.81396484375,10928,10969,00:10.2652894
764.2275,433.073333333333,0.81396484375,10908,10988,00:10.2809106
765.51,432.693333333333,0.81396484375,10908,10988,00:10.3030915
766.2225,432.44,0.783203125,10888,11007,00:10.3030915
766.2225,432.44,0.783203125,10888,11007,00:10.3186962
766.365,432.313333333333,0.783203125,10888,11007,00:10.3343177
766.365,432.313333333333,0.8427734375,10888,11007,00:10.3655639
766.365,432.313333333333,0.8427734375,10888,11007,00:10.3655639
766.365,432.313333333333,0.816162109375,10888,11007,00:10.3811911
765.6525,431.553333333333,0.781982421875,10888,11007,00:10.3811911
765.6525,431.553333333333,0.781982421875,10888,11007,00:10.3877102
765.6525,431.553333333333,0.781982421875,10888,11007,00:10.3877102
765.3675,431.426666666667,0.781982421875,10888,11007,00:10.4033475
765.225,431.3,0.781982421875,10888,11007,00:10.4033475
765.225,431.3,0.781982421875,10888,11007,00:10.4276712
764.7975,431.173333333333,0.781982421875,10888,11007,00:10.4476261
764.5125,431.046666666667,0.781982421875,10888,11007,00:10.4476261
764.5125,431.046666666667,0.781982421875,10888,11007,00:10.4476261
764.37,430.92,0.781982421875,10888,11007,00:10.4791450
764.085,430.92,0.781982421875,10888,11007,00:10.4876583
764.085,430.92,0.781982421875,10888,11007,00:10.4876583
764.085,430.92,0.781982421875,10888,11007,00:10.5036085
764.085,430.92,0.781982421875,10888,11007,00:10.5036085
764.085,430.92,0.781982421875,10888,11007,00:10.5190764
764.085,430.92,0.781982421875,10888,11007,00:10.5190764
764.085,430.92,0.781982421875,10888,11007,00:10.5345893
764.085,430.92,0.781982421875,10888,11007,00:10.5501579
764.085,430.92,0.781982421875,10888,11007,00:10.5657863
764.085,430.92,0.781982421875,10888,11007,00:10.5880524
764.085,430.92,0.781982421875,10888,11007,00:10.5880524
764.085,430.92,0.781982421875,10888,11007,00:10.6036790
764.085,430.92,0.781982421875,10888,11007,00:10.6193004
764.2275,430.413333333333,0.781982421875,10888,11007,00:10.6349209
764.7975,429.78,0.781982421875,10888,11007,00:10.6349209
764.7975,429.78,0.781982421875,10888,11007,00:10.6505525
764.94,429.526666666667,0.781982421875,10888,11007,00:10.6505525
765.0825,429.4,0.781982421875,10888,11007,00:10.6662181
765.0825,429.4,0.781982421875,10888,11007,00:10.6884309
765.3675,429.146666666667,0.781982421875,10888,11007,00:10.6884309
765.51,429.02,0.781982421875,10888,11007,00:10.7199608
765.795,428.766666666667,0.781982421875,10888,11007,00:10.7199608
765.795,428.766666666667,0.781982421875,10888,11007,00:10.7199608
765.795,428.766666666667,0.781982421875,10888,11007,00:10.7356102
765.795,428.766666666667,0.781982421875,10888,11007,00:10.7356102
765.795,428.766666666667,0.781982421875,10888,11007,00:10.7512480
765.795,428.766666666667,0.781982421875,10888,11007,00:10.7512480
765.795,428.766666666667,0.781982421875,10888,11007,00:10.7666122
765.795,428.766666666667,0.781982421875,10888,11007,00:10.7824301
765.795,428.766666666667,0.781982421875,10888,11007,00:10.8041220
765.795,428.766666666667,0.781982421875,10888,11007,00:10.8041220
765.795,428.766666666667,0.781982421875,10888,11007,00:10.8197547
765.9375,428.893333333333,0.781982421875,10888,11007,00:10.8353224
766.2225,428.893333333333,0.781982421875,10888,11007,00:10.8509481
766.7925,428.893333333333,0.781982421875,10888,11007,00:10.8665691
767.6475,428.893333333333,0.781982421875,10888,11007,00:10.8821905
767.9325,428.893333333333,0.781982421875,10888,11007,00:10.9043431
768.36,429.02,0.781982421875,10888,11007,00:10.9199548
770.07,429.02,0.781982421875,10848,10965,00:10.9199548
770.07,429.02,0.781982421875,10865,10950,00:10.9356303
770.355,429.02,0.781982421875,10865,10950,00:10.9512019
771.0675,429.02,0.781982421875,10841,10894,00:10.9512019
771.495,429.02,0.781982421875,10841,10894,00:10.9668550
772.2075,429.273333333333,0.781982421875,10841,10894,00:10.9827540
772.635,429.273333333333,0.781982421875,10841,10894,00:10.9827540
772.635,429.273333333333,0.781982421875,10841,10894,00:11.0044170
773.6325,429.653333333333,0.781982421875,10841,10894,00:11.0200336
774.4875,429.78,0.781982421875,10857,10879,00:11.0512487
774.915,430.033333333333,0.781982421875,10857,10879,00:11.0672927
776.055,430.793333333333,0.77734375,10857,10879,00:11.0672927
776.055,430.793333333333,0.7802734375,10813,10835,00:11.0827564
776.7675,431.3,0.7802734375,10813,10835,00:11.0887728
777.0525,431.553333333333,0.7802734375,10813,10835,00:11.1044524
777.765,431.806666666667,0.7802734375,10813,10835,00:11.1200830
779.19,432.313333333333,0.770263671875,10813,10835,00:11.1200830
779.475,432.44,0.764404296875,10813,10835,00:11.1356625
780.1875,432.566666666667,0.75830078125,10813,10835,00:11.1356625
780.4725,432.566666666667,0.75830078125,10813,10835,00:11.1512753
781.185,432.566666666667,0.75830078125,10813,10835,00:11.1512753
781.6125,432.566666666667,0.75830078125,10813,10835,00:11.1668960
782.61,432.693333333333,0.75830078125,10798,10851,00:11.1890342
784.7475,432.946666666667,0.75634765625,10782,10866,00:11.2046631
787.17,432.82,0.75634765625,10766,10881,00:11.2202836
789.5925,432.82,0.75634765625,10746,10898,00:11.2359054
791.8725,432.946666666667,0.75634765625,10746,10898,00:11.2515387
793.725,433.2,0.75634765625,10746,10898,00:11.2671538
795.72,433.2,0.75634765625,10746,10898,00:11.2890545
797.5725,433.453333333333,0.75634765625,10701,10850,00:11.3046986
799.8525,433.706666666667,0.75634765625,10701,10850,00:11.3203790
801.42,433.833333333333,0.75634765625,10701,10850,00:11.3361341
802.9875,434.086666666667,0.76025390625,10701,10850,00:11.3515584
804.6975,434.213333333333,0.76025390625,10701,10850,00:11.3676207
806.6925,434.593333333333,0.76806640625,10701,10850,00:11.3676207
807.2625,434.72,0.76806640625,10701,10850,00:11.3889931
810.3975,435.353333333333,0.76806640625,10684,10865,00:11.4046534
812.82,435.986666666667,0.76611328125,10666,10880,00:11.4202426
814.9575,436.746666666667,0.76806640625,10666,10880,00:11.4358639
817.38,437.506666666667,0.76806640625,10628,10838,00:11.4532235
820.23,438.773333333333,0.76806640625,10628,10838,00:11.4632602
821.7975,439.406666666667,0.76806640625,10628,10838,00:11.4790673
824.0775,440.546666666667,0.76806640625,10504,10701,00:11.5047104
828.21,441.813333333333,0.7978515625,10468,10660,00:11.5203355
832.2,442.446666666667,0.7978515625,10468,10660,00:11.5359464
839.61,443.08,0.8046875,10468,10660,00:11.5515695
840.75,443.333333333333,0.8046875,10468,10660,00:11.5515695
842.8875,443.713333333333,0.806884765625,10468,10660,00:11.5671910
846.8775,444.22,0.806884765625,10391,10574,00:11.5671910
848.0175,444.346666666667,0.806884765625,10391,10574,00:11.5893325
851.4375,444.726666666667,0.806884765625,10391,10574,00:11.5893325
854.0025,445.233333333333,0.806884765625,10391,10574,00:11.6049677
858.8475,445.866666666667,0.806884765625,10391,10574,00:11.6049677
859.9875,446.12,0.806884765625,10391,10574,00:11.6205935
864.12,447.006666666667,0.802001953125,10436,10534,00:11.6362149
868.2525,448.146666666667,0.806884765625,10409,10480,00:11.6521433
872.385,449.16,0.80029296875,10424,10466,00:11.6675126
876.945,450.426666666667,0.807861328125,10424,10466,00:11.6675126
878.2275,450.68,0.807861328125,10383,10424,00:11.6832224
881.3625,451.693333333333,0.807861328125,10396,10412,00:11.6892389
882.5025,452.073333333333,0.807861328125,10396,10412,00:11.7048853
886.92,454.606666666667,0.815673828125,10396,10412,00:11.7205170
889.3425,455.746666666667,0.8193359375,10264,10360,00:11.7205170
890.055,456,0.8193359375,10264,10360,00:11.7361130
892.1925,457.14,0.816162109375,10316,10309,00:11.7517344
896.325,458.533333333333,0.820556640625,10347,10277,00:11.7517344
897.18,458.786666666667,0.822509765625,10347,10277,00:11.7673574
900.03,460.053333333333,0.827392578125,10347,10277,00:11.7894191
903.45,461.573333333333,0.829345703125,10283,10244,00:11.8107727
908.4375,464.106666666667,0.8447265625,10213,10150,00:11.8263918
911.2875,465.626666666667,0.8603515625,10228,10134,00:11.8263918
912,465.88,0.8603515625,10189,10098,00:11.8420301
914.565,467.273333333333,0.8603515625,10216,10067,00:11.8420301
915.42,467.653333333333,0.8603515625,10216,10067,00:11.8576343
917.13,468.413333333333,0.8603515625,10228,10053,00:11.8732485
922.4025,470.946666666667,0.860107421875,10183,10015,00:11.8732485
923.2575,471.326666666667,0.86279296875,10119,9983,00:11.8893901
925.5375,472.72,0.865234375,10091,9932,00:11.8893901
926.535,473.1,0.86767578125,10091,9932,00:11.9050168
928.815,474.366666666667,0.8701171875,10104,9915,00:11.9207090
931.38,476.14,0.881103515625,10062,9964,00:11.9207090
931.95,476.646666666667,0.881103515625,10035,9899,00:11.9362684
933.8025,478.04,0.881103515625,9991,9778,00:11.9523817
936.3675,479.813333333333,0.888916015625,9946,9642,00:11.9523817
937.08,480.193333333333,0.888916015625,9953,9630,00:11.9678770
939.075,481.46,0.886474609375,9976,9594,00:11.9833158
941.7825,482.98,0.886474609375,9976,9594,00:12.0049851
945.915,485.133333333333,0.893310546875,9976,9594,00:12.0205899
946.485,485.513333333333,0.895263671875,9976,9594,00:12.0205899
948.3375,486.526666666667,0.895263671875,9976,9594,00:12.0362052
950.475,487.92,0.895263671875,9976,9594,00:12.0362052
950.9025,488.173333333333,0.895263671875,9976,9594,00:12.0518285
952.185,489.06,0.8984375,9936,9556,00:12.0674585
953.7525,489.946666666667,0.900390625,9944,9541,00:12.0830708
955.1775,490.58,0.898193359375,9950,9531,00:12.0895860
955.605,490.833333333333,0.9013671875,9950,9531,00:12.1052147
957.1725,491.72,0.904296875,9903,9504,00:12.1052147
957.4575,491.846666666667,0.904296875,9909,9494,00:12.1208386
958.455,492.48,0.90625,9859,9466,00:12.1364581
960.5925,493.746666666667,0.908203125,9844,9375,00:12.1520915
962.445,494.38,0.908203125,9799,9328,00:12.1677077
963.87,494.886666666667,0.91259765625,9804,9316,00:12.1677077
964.5825,495.14,0.91650390625,9801,9323,00:12.1833340
967.005,496.406666666667,0.918212890625,9776,9380,00:12.2054764
970.8525,498.306666666667,0.910888671875,9804,9317,00:12.2210948
972.99,499.066666666667,0.90576171875,9848,9159,00:12.2523779
975.1275,499.573333333333,0.89501953125,9855,9116,00:12.2679782
977.835,499.953333333333,0.8603515625,9803,9064,00:12.2835798
980.5425,499.32,0.803955078125,9805,9039,00:12.2905010
981.1125,499.32,0.7724609375,9805,9039,00:12.3061276
624.15,448.653333333333,0.076416015625,9581,9118,00:13.1095118
624.15,448.653333333333,0.076416015625,10022,9365,00:13.1249067
624.0075,448.906666666667,0.23828125,10394,9725,00:13.1403708
624.435,449.793333333333,0.301513671875,10658,10092,00:13.1559929
624.435,449.793333333333,0.33056640625,10664,10278,00:13.1716154
623.865,450.173333333333,0.373779296875,10683,10430,00:13.1872368
622.2975,450.046666666667,0.4306640625,10623,10500,00:13.2097906
618.735,449.286666666667,0.49853515625,10713,10647,00:13.2253583
617.4525,449.033333333333,0.52001953125,10713,10647,00:13.2253583
617.1675,449.033333333333,0.526611328125,10713,10647,00:13.2408269
616.455,449.033333333333,0.540283203125,10713,10647,00:13.2564603
615.6,449.16,0.555908203125,10754,10687,00:13.2721106
614.745,449.54,0.555908203125,10891,10819,00:13.2942161
613.7475,450.046666666667,0.555908203125,10989,10914,00:13.3098599
612.465,450.933333333333,0.559814453125,11035,10959,00:13.3098599
612.0375,451.186666666667,0.559814453125,11035,10959,00:13.3254728
611.325,451.82,0.561767578125,11035,10959,00:13.3411617
610.185,452.58,0.563720703125,11035,10959,00:13.3567461
609.1875,453.34,0.566162109375,11035,10959,00:13.3567461
608.9025,453.466666666667,0.566162109375,11035,10959,00:13.3723309
608.19,453.973333333333,0.568603515625,11035,10959,00:13.3723309
607.905,454.1,0.57080078125,11035,10959,00:13.3879527
607.62,455.113333333333,0.5771484375,11035,10959,00:13.4101943
606.0525,454.986666666667,0.591064453125,11035,10959,00:13.4257598
605.4825,455.113333333333,0.595947265625,11035,10959,00:13.4257598
605.1975,455.24,0.595947265625,11035,10959,00:13.4413806
604.6275,455.493333333333,0.59814453125,11035,10959,00:13.4413806
604.3425,455.62,0.59814453125,11035,10959,00:13.4570017
603.2025,456.126666666667,0.60009765625,11035,10959,00:13.4570017
602.9175,456.253333333333,0.60009765625,11035,10959,00:13.4726296
602.205,456.506666666667,0.60205078125,11035,10959,00:13.4947490
601.4925,458.153333333333,0.60693359375,11035,10959,00:13.5103873
600.0675,459.8,0.61083984375,11035,10959,00:13.5260294
598.9275,460.813333333333,0.61083984375,11018,10977,00:13.5416195
598.5,461.066666666667,0.613525390625,11018,10977,00:13.5572532
593.37,462.08,0.62158203125,11034,10960,00:13.5728750
591.2325,463.093333333333,0.62353515625,11034,10960,00:13.5886324
589.38,464.36,0.62548828125,11085,11009,00:13.6102956
586.6725,466.26,0.62939453125,11125,11048,00:13.6102956
586.1025,466.64,0.63134765625,11125,11048,00:13.6258936
584.6775,467.78,0.633544921875,11125,11048,00:13.6258936
584.1075,468.16,0.633544921875,11125,11048,00:13.6415853
582.54,469.426666666667,0.63623046875,11143,11029,00:13.6571299
580.545,471.2,0.640625,11177,10991,00:13.6727546
578.265,472.973333333333,0.642822265625,11210,10953,00:13.6883714
576.27,474.62,0.642822265625,11225,10935,00:13.7107146
572.85,477.026666666667,0.644775390625,11242,10915,00:13.7262836
570.855,478.8,0.644775390625,11242,10915,00:13.7262836
570.285,479.306666666667,0.644775390625,11242,10915,00:13.7419075
568.29,481.206666666667,0.644775390625,11242,10915,00:13.7575452
566.58,482.6,0.646728515625,11242,10915,00:13.7731576
563.5875,484.88,0.646728515625,11242,10915,00:13.7887753
562.1625,486.02,0.646728515625,11242,10915,00:13.7952894
561.165,486.653333333333,0.646728515625,11242,10915,00:13.8109188
558.7425,488.426666666667,0.646728515625,11242,10915,00:13.8109188
558.315,488.68,0.646728515625,11242,10915,00:13.8265522
556.89,489.693333333333,0.648681640625,11242,10915,00:13.8421734
555.0375,490.96,0.648681640625,11287,10857,00:13.8577946
553.185,492.1,0.648681640625,11331,10796,00:13.8738516
551.475,493.113333333333,0.648681640625,11331,10796,00:13.8738516
551.0475,493.366666666667,0.648681640625,11331,10796,00:13.8890254
550.05,494.506666666667,0.645751953125,11331,10796,00:13.8890254
549.48,494.886666666667,0.645751953125,11378,10834,00:13.9111863
547.2,496.66,0.653564453125,11425,10873,00:13.9111863
546.7725,497.166666666667,0.653564453125,11425,10873,00:13.9270443
545.3475,498.433333333333,0.653564453125,11425,10873,00:13.9424480
543.495,500.206666666667,0.653564453125,11425,10873,00:13.9580408
541.5,501.98,0.655517578125,11425,10873,00:13.9580408
541.0725,502.486666666667,0.65771484375,11425,10873,00:13.9736649
539.505,503.5,0.6650390625,11425,10873,00:13.9736649
538.935,503.88,0.66845703125,11425,10873,00:13.9892834
536.655,505.526666666667,0.666748046875,11425,10873,00:14.0114164
533.52,507.553333333333,0.66455078125,11425,10873,00:14.0270352
530.385,509.326666666667,0.674072265625,11456,10828,00:14.0426575
528.2475,510.593333333333,0.679931640625,11470,10807,00:14.0582778
525.825,512.113333333333,0.679931640625,11470,10807,00:14.0738998
524.685,512.873333333333,0.681884765625,11514,10841,00:14.0895253
523.545,513.76,0.683837890625,11514,10841,00:14.0960519
523.26,514.013333333333,0.683837890625,11514,10841,00:14.1116846
521.6925,515.533333333333,0.685791015625,11514,10841,00:14.1273114
520.98,516.293333333333,0.687744140625,11514,10841,00:14.1429218
519.555,517.813333333333,0.687744140625,11514,10841,00:14.1429218
519.4125,518.066666666667,0.687744140625,11514,10841,00:14.1585578
518.7,518.826666666667,0.687744140625,11514,10841,00:14.1745545
517.7025,519.966666666667,0.689697265625,11514,10841,00:14.1901225
516.5625,521.233333333333,0.689697265625,11514,10841,00:14.1901225
516.2775,521.486666666667,0.689697265625,11514,10841,00:14.1961389
515.9925,521.866666666667,0.689697265625,11514,10841,00:14.2118077
514.995,522.753333333333,0.689697265625,11514,10841,00:14.2118077
514.71,523.133333333333,0.689697265625,11514,10841,00:14.2274212
513.855,523.766666666667,0.689697265625,11514,10841,00:14.2430158
512.715,524.78,0.689697265625,11514,10841,00:14.2586351
511.4325,525.793333333333,0.689697265625,11514,10841,00:14.2586351
511.1475,526.046666666667,0.689697265625,11514,10841,00:14.2742656
509.7225,526.933333333333,0.689697265625,11528,10820,00:14.2898765
508.44,527.82,0.689697265625,11556,10774,00:14.3120192
507.1575,528.706666666667,0.689697265625,11569,10752,00:14.3120192
507.015,528.706666666667,0.689697265625,11582,10730,00:14.3276365
506.8725,528.833333333333,0.693603515625,11595,10707,00:14.3432610
506.5875,528.96,0.693603515625,11595,10707,00:14.3432610
506.5875,528.96,0.693603515625,11595,10707,00:14.3588826
506.16,529.086666666667,0.693603515625,11595,10707,00:14.3588826
506.16,529.086666666667,0.693603515625,11595,10707,00:14.3744948
505.7325,529.086666666667,0.693603515625,11645,10742,00:14.3744948
505.7325,529.086666666667,0.693603515625,11692,10777,00:14.3901160
505.4475,528.96,0.687744140625,11692,10777,00:14.4123927
505.305,528.706666666667,0.6845703125,11692,10777,00:14.4123927
505.305,528.58,0.681396484375,11739,10810,00:14.4123927
514.14,492.86,0.107177734375,12087,10786,00:15.3948251
514.14,492.86,0.167724609375,12087,10786,00:15.4013308
514.5675,492.986666666667,0.23388671875,12087,10786,00:15.4172763
515.565,493.746666666667,0.318115234375,12087,10786,00:15.4328165
517.1325,495.14,0.376220703125,12087,10786,00:15.4485385
518.7,497.166666666667,0.41552734375,12087,10786,00:15.4640930
520.125,499.826666666667,0.448974609375,12075,10814,00:15.4795188
521.6925,502.866666666667,0.4775390625,12075,10814,00:15.5016272
523.4025,506.033333333333,0.51416015625,12075,10814,00:15.5016272
523.83,506.793333333333,0.52197265625,12075,10814,00:15.5173416
526.5375,510.466666666667,0.55224609375,12075,10814,00:15.5329205
529.245,513.38,0.564453125,12075,10814,00:15.5329205
529.9575,514.013333333333,0.5673828125,12075,10814,00:15.5485871
532.5225,515.913333333333,0.575439453125,12075,10814,00:15.5641336
535.6575,518.193333333333,0.584716796875,12075,10814,00:15.5641336
536.37,518.7,0.5869140625,12075,10814,00:15.5799243
538.365,520.6,0.598388671875,12075,10814,00:15.5953720
541.0725,522.88,0.610107421875,12021,10778,00:15.5953720
541.6425,523.513333333333,0.610107421875,12021,10778,00:15.6019354
542.355,524.02,0.610107421875,12021,10778,00:15.6175769
545.205,525.92,0.610107421875,12021,10778,00:15.6175769
545.9175,526.426666666667,0.613037109375,12021,10778,00:15.6331857
547.9125,527.82,0.615966796875,12021,10778,00:15.6488074
551.3325,529.973333333333,0.623779296875,11966,10741,00:15.6644284
554.04,531.493333333333,0.625732421875,11847,10662,00:15.6644284
554.61,531.873333333333,0.625732421875,11847,10662,00:15.6800594
556.4625,533.393333333333,0.627685546875,11693,10563,00:15.7021909
557.6025,534.786666666667,0.6298828125,11704,10539,00:15.7178237
558.6,536.56,0.634033203125,11704,10539,00:15.7336887
558.6,537.446666666667,0.63623046875,11704,10539,00:15.7336887
558.6,537.446666666667,0.63818359375,11704,10539,00:15.7493167
558.6,537.953333333333,0.64013671875,11704,10539,00:15.7493167
558.4575,538.206666666667,0.642333984375,11704,10539,00:15.7649618
558.4575,538.206666666667,0.645263671875,11715,10515,00:15.7803061
558.1725,538.333333333333,0.6474609375,11715,10515,00:15.7803061
557.6025,538.713333333333,0.649658203125,11715,10515,00:15.8022373
556.605,538.586666666667,0.649658203125,11727,10490,00:15.8178727
555.465,538.206666666667,0.613037109375,11761,10407,00:15.8334885
943.635,455.366666666667,0.381591796875,9851,10919,00:17.4865674
943.4925,456,0.405029296875,9851,10919,00:17.5021890
943.35,456.886666666667,0.405029296875,9851,10919,00:17.5090832
942.9225,458.153333333333,0.405029296875,9851,10919,00:17.5090832
942.78,458.406666666667,0.41845703125,9851,10919,00:17.5247102
941.925,459.04,0.46484375,9843,10858,00:17.5403321
939.7875,461.573333333333,0.54296875,9843,10858,00:17.5559536
936.51,465.373333333333,0.62109375,9843,10858,00:17.5559536
935.7975,466.26,0.63671875,9838,10800,00:17.5715801
934.0875,468.033333333333,0.6552734375,9873,10785,00:17.5872566
928.3875,473.606666666667,0.68359375,9887,10635,00:17.6028328
924.6825,477.026666666667,0.71484375,9911,10623,00:17.6249826
917.2725,484.88,0.734375,9959,10597,00:17.6406109
914.565,487.793333333333,0.748291015625,10020,10561,00:17.6562984
910.86,493.366666666667,0.759765625,10080,10453,00:17.6719203
907.8675,497.293333333333,0.759765625,10144,10404,00:17.6874791
904.7325,500.46,0.759765625,10179,10375,00:17.7096680
902.025,502.74,0.738525390625,10190,10285,00:17.7253548
900.7425,503.753333333333,0.6162109375,10205,10272,00:17.7253548
900.4575,503.88,0.365234375,10216,10261,00:17.7409227
666.7575,332.88,0.21435546875,11660,11982,00:19.4803621
666.045,330.473333333333,0.24169921875,11710,12036,00:19.4959697
666.045,330.346666666667,0.27001953125,11710,12036,00:19.5117219
666.7575,331.613333333333,0.27001953125,11761,12090,00:19.5337564
668.7525,334.526666666667,0.293212890625,11803,12135,00:19.5493105
670.89,336.68,0.3212890625,11803,12135,00:19.5650916
673.74,339.213333333333,0.35791015625,11803,12135,00:19.5650916
674.595,339.973333333333,0.362548828125,11803,12135,00:19.5802648
677.3025,342.126666666667,0.373046875,11803,12135,00:19.5959781
681.435,345.04,0.4033203125,11803,12135,00:19.6114746
685.71,347.826666666667,0.428955078125,11803,12135,00:19.6114746
686.7075,348.713333333333,0.434326171875,11803,12135,00:19.6179808
687.705,349.473333333333,0.439453125,11803,12135,00:19.6336113
691.8375,352.133333333333,0.46044921875,11803,12135,00:19.6492323
696.9675,354.033333333333,0.48193359375,11803,12135,00:19.6648549
704.6625,355.68,0.508056640625,11803,12135,00:19.6804698
712.0725,357.073333333333,0.530029296875,11803,12135,00:19.6804698
713.4975,357.453333333333,0.53466796875,11803,12135,00:19.6961036
717.915,358.466666666667,0.548583984375,11803,12135,00:19.7182357
724.0425,359.733333333333,0.548583984375,11803,12135,00:19.7182357
725.7525,360.113333333333,0.5517578125,11803,12135,00:19.7338721
733.4475,362.266666666667,0.564697265625,11756,12085,00:19.7494921
738.0075,363.28,0.568603515625,11756,12085,00:19.7494921
739.575,363.786666666667,0.568603515625,11756,12085,00:19.7651157
746.415,365.306666666667,0.5751953125,11756,12085,00:19.7807986
753.255,366.573333333333,0.58447265625,11639,11958,00:19.7963590
760.095,367.966666666667,0.595947265625,11639,11958,00:19.8121212
767.3625,369.106666666667,0.606201171875,11589,11998,00:19.8338417
777.765,371.513333333333,0.620361328125,11391,11779,00:19.8338417
779.3325,371.893333333333,0.620361328125,11349,11731,00:19.8494008
784.605,373.16,0.625244140625,11349,11731,00:19.8494008
786.315,373.54,0.627197265625,11349,11731,00:19.8654477
791.8725,375.06,0.632080078125,11349,11731,00:19.8807844
799.425,376.833333333333,0.63427734375,11207,11573,00:19.8807844
801.2775,377.213333333333,0.63623046875,11166,11526,00:19.8962971
807.405,378.353333333333,0.638671875,11166,11526,00:19.9118735
815.955,380.126666666667,0.644287109375,11166,11526,00:19.9183790
820.0875,381.266666666667,0.646728515625,11126,11481,00:19.9340189
827.7825,383.42,0.65087890625,11080,11430,00:19.9340189
829.7775,383.926666666667,0.6533203125,11060,11446,00:19.9496310
836.475,386.08,0.66357421875,11012,11482,00:19.9652468
847.7325,389.88,0.659912109375,10785,11558,00:19.9808796
855.57,391.4,0.669921875,10714,11524,00:19.9965034
862.98,393.933333333333,0.681640625,10691,11537,00:20.0186338
869.82,396.086666666667,0.681640625,10621,11440,00:20.0186338
871.245,396.593333333333,0.681640625,10621,11440,00:20.0342720
879.225,399.38,0.681640625,10588,11393,00:20.0498846
880.7925,400.013333333333,0.679443359375,10588,11393,00:20.0498846
883.5,401.28,0.679443359375,10610,11380,00:20.0655054
889.485,404.446666666667,0.68701171875,10573,11329,00:20.0811300
893.9025,407.106666666667,0.697509765625,10473,11189,00:20.0967810
898.4625,410.02,0.701416015625,10473,11189,00:20.0967810
899.745,410.653333333333,0.70361328125,10473,11189,00:20.1188784
903.0225,412.426666666667,0.708251953125,10473,11189,00:20.1188784
905.445,413.693333333333,0.712158203125,10473,11189,00:20.1349514
909.5775,416.1,0.735595703125,10368,11041,00:20.1349514
910.7175,416.733333333333,0.735595703125,10337,10996,00:20.1505903
913.8525,418.506666666667,0.72802734375,10272,10903,00:20.1658650
918.27,420.533333333333,0.736572265625,10272,10903,00:20.1658650
919.5525,421.04,0.738525390625,10272,10903,00:20.1814101
922.545,422.813333333333,0.744384765625,10272,10903,00:20.1969891
926.9625,424.966666666667,0.744384765625,10174,10763,00:20.1969891
927.96,425.6,0.744384765625,10174,10763,00:20.2126103
931.95,428.006666666667,0.750244140625,10044,10573,00:20.2347468
936.795,431.553333333333,0.758056640625,10044,10573,00:20.2503739
942.9225,435.353333333333,0.763916015625,9998,10601,00:20.2659882
946.0575,437.38,0.766845703125,9982,10610,00:20.2659882
947.055,438.013333333333,0.769775390625,9982,10610,00:20.2816164
950.475,440.166666666667,0.769775390625,9934,10637,00:20.2816164
951.1875,440.673333333333,0.769775390625,9934,10637,00:20.2972399
953.1825,442.066666666667,0.769775390625,9903,10585,00:20.2972399
953.7525,442.573333333333,0.769775390625,9903,10585,00:20.3184952
955.1775,443.84,0.771728515625,9848,10491,00:20.3241336
956.0325,444.726666666667,0.771728515625,9848,10491,00:20.3397650
957.885,446.5,0.773681640625,9848,10491,00:20.3553824
960.3075,448.653333333333,0.77099609375,9818,10440,00:20.3710029
962.73,450.426666666667,0.7900390625,9779,10401,00:20.3866341
965.4375,452.453333333333,0.7978515625,9751,10353,00:20.4022559
967.7175,454.1,0.806884765625,9751,10353,00:20.4192608
970.2825,455.746666666667,0.806884765625,9710,10311,00:20.4353044
972.705,457.52,0.806884765625,9615,10235,00:20.4353044
973.1325,457.9,0.806884765625,9599,10243,00:20.4509674
974.7,459.04,0.809326171875,9576,10253,00:20.4662542
976.2675,460.686666666667,0.809326171875,9561,10259,00:20.4662542
976.695,461.066666666667,0.809326171875,9561,10259,00:20.4818105
977.6925,462.333333333333,0.809326171875,9561,10259,00:20.4973727
978.8325,463.726666666667,0.815185546875,9561,10259,00:20.4973727
979.1175,464.233333333333,0.815185546875,9572,10254,00:20.5129937
980.4,466.006666666667,0.815185546875,9527,10157,00:20.5351340
981.9675,468.413333333333,0.819580078125,9481,10059,00:20.5507603
983.6775,471.833333333333,0.823486328125,9481,10059,00:20.5663822
984.675,474.113333333333,0.823486328125,9467,10004,00:20.5663822
984.8175,474.62,0.823486328125,9467,10004,00:20.5820031
985.6725,476.266666666667,0.828369140625,9467,10004,00:20.5820031
985.9575,476.773333333333,0.828369140625,9467,10004,00:20.5976267
986.955,478.166666666667,0.828369140625,9488,9994,00:20.6132466
987.9525,480.066666666667,0.833251953125,9488,9994,00:20.6197621
988.5225,480.953333333333,0.833251953125,9488,9994,00:20.6354049
989.3775,482.6,0.835205078125,9488,9994,00:20.6514567
990.375,483.993333333333,0.835205078125,9478,9999,00:20.6666494
991.0875,485.26,0.837158203125,9466,10004,00:20.6666494
991.23,485.64,0.83935546875,9466,10004,00:20.6826556
991.9425,486.4,0.848876953125,9436,10018,00:20.6826556
992.085,486.653333333333,0.853515625,9414,9968,00:20.6982778
992.655,487.54,0.858154296875,9374,9983,00:20.7136022
993.225,488.68,0.860107421875,9303,9952,00:20.7201212
993.225,488.68,0.860107421875,9276,9907,00:20.7360916
993.9375,490.2,0.849365234375,9267,9909,00:20.7514040
994.5075,491.213333333333,0.849365234375,9259,9911,00:20.7669963
994.65,491.973333333333,0.849365234375,9242,9852,00:20.7669963
994.65,491.973333333333,0.849365234375,9228,9803,00:20.7826254
994.65,492.986666666667,0.849365234375,9228,9803,00:20.7826254
994.65,493.24,0.849365234375,9228,9803,00:20.7982428
994.5075,494.126666666667,0.849365234375,9228,9803,00:20.8138648
994.08,495.52,0.849365234375,9235,9800,00:20.8360113
992.655,498.56,0.849365234375,9303,9720,00:20.8516443
991.6575,500.08,0.851318359375,9321,9652,00:20.8672596
991.3725,500.46,0.851318359375,9337,9644,00:20.8672596
990.945,501.093333333333,0.851318359375,9360,9631,00:20.8828869
990.5175,501.853333333333,0.851318359375,9421,9592,00:20.8986535
990.2325,502.36,0.851318359375,9453,9569,00:20.9203722
990.2325,502.36,0.853271484375,9461,9563,00:20.9203722
990.2325,502.74,0.853271484375,9472,9553,00:20.9362452
990.2325,502.993333333333,0.853271484375,9467,9557,00:20.9362452
990.2325,502.993333333333,0.853271484375,9460,9563,00:20.9518137
990.2325,503.373333333333,0.853271484375,9473,9552,00:20.9518137
990.2325,503.373333333333,0.853271484375,9473,9552,00:20.9673199
990.09,503.626666666667,0.853271484375,9473,9552,00:20.9673199
990.09,503.626666666667,0.853271484375,9473,9552,00:20.9831415
990.09,504.26,0.857177734375,9467,9557,00:20.9986481
990.09,504.513333333333,0.861572265625,9457,9565,00:21.0141070
990.2325,505.146666666667,0.85693359375,9451,9570,00:21.0364091
989.9475,506.16,0.85302734375,9445,9575,00:21.0364091
989.9475,506.16,0.85302734375,9445,9575,00:21.0519352
989.6625,506.666666666667,0.85302734375,9445,9575,00:21.0675090
989.52,506.92,0.85302734375,9445,9575,00:21.0831347
989.3775,507.173333333333,0.85302734375,9447,9574,00:21.0831347
989.3775,507.173333333333,0.85302734375,9456,9566,00:21.0987421
989.3775,507.173333333333,0.85107421875,9472,9553,00:21.0987421
989.3775,507.173333333333,0.85107421875,9472,9553,00:21.1209455
989.3775,507.173333333333,0.855712890625,9484,9543,00:21.1209455
989.3775,507.173333333333,0.858642578125,9484,9543,00:21.1366536
989.3775,507.173333333333,0.85205078125,9477,9549,00:21.1366536
989.3775,507.173333333333,0.85205078125,9477,9549,00:21.1522871
989.3775,507.173333333333,0.85205078125,9471,9554,00:21.1522871
989.3775,507.173333333333,0.85205078125,9479,9547,00:21.1678274
989.3775,507.173333333333,0.85205078125,9479,9547,00:21.1834430
989.3775,507.3,0.85205078125,9479,9547,00:21.1834430
989.3775,507.3,0.85205078125,9473,9552,00:21.1834430
989.3775,507.3,0.85205078125,9473,9552,00:21.1993394
989.3775,507.3,0.85205078125,9473,9552,00:21.1993394
989.3775,507.3,0.85205078125,9473,9552,00:21.2210395
989.3775,507.3,0.85205078125,9473,9552,00:21.2369697
989.3775,507.3,0.854736328125,9466,9558,00:21.2369697
989.3775,507.3,0.857666015625,9459,9564,00:21.2525988
989.0925,507.426666666667,0.8564453125,9467,9557,00:21.2525988
989.0925,507.426666666667,0.853271484375,9461,9562,00:21.2683322
989.0925,507.426666666667,0.850341796875,9473,9553,00:21.2835852
988.95,507.553333333333,0.850341796875,9478,9548,00:21.2835852
988.95,507.553333333333,0.850341796875,9478,9548,00:21.2992018
988.095,507.553333333333,0.84814453125,9470,9555,00:21.2992018
988.095,507.553333333333,0.84814453125,9459,9564,00:21.3147776
987.525,507.426666666667,0.852783203125,9454,9568,00:21.3147776
987.3825,507.426666666667,0.856689453125,9454,9568,00:21.3215104
987.3825,507.426666666667,0.8603515625,9454,9568,00:21.3423872
986.67,507.173333333333,0.846435546875,9461,9563,00:21.3640895
986.2425,507.046666666667,0.846435546875,9466,9558,00:21.3640895
986.2425,507.046666666667,0.846435546875,9418,9528,00:21.3795845
985.9575,506.92,0.846435546875,9418,9528,00:21.3950612
985.6725,506.793333333333,0.846435546875,9418,9528,00:21.3950612
985.6725,506.793333333333,0.846435546875,9428,9521,00:21.3950612
985.6725,506.793333333333,0.846435546875,9428,9521,00:21.4109109
985.6725,506.793333333333,0.846435546875,9428,9521,00:21.4109109
985.6725,506.793333333333,0.846435546875,9435,9515,00:21.4214180
985.6725,506.793333333333,0.846435546875,9440,9511,00:21.4214180
985.6725,506.793333333333,0.846435546875,9449,9503,00:21.4370502
985.6725,506.793333333333,0.846435546875,9443,9508,00:21.4526716
985.6725,506.793333333333,0.846435546875,9460,9492,00:21.4526716
985.6725,506.793333333333,0.846435546875,9460,9492,00:21.4682926
985.6725,506.793333333333,0.846435546875,9469,9483,00:21.4917259
985.245,506.666666666667,0.846435546875,9432,9445,00:21.4928716
985.245,506.666666666667,0.846435546875,9432,9445,00:21.4960746
985.245,506.666666666667,0.846435546875,9432,9445,00:21.5117123
984.96,506.54,0.846435546875,9432,9445,00:21.5376257
984.5325,506.54,0.846435546875,9437,9441,00:21.5376257
984.2475,506.666666666667,0.846435546875,9440,9438,00:21.5376257
984.2475,506.666666666667,0.846435546875,9440,9438,00:21.5532487
983.82,506.793333333333,0.853515625,9440,9438,00:21.5532487
983.3925,506.793333333333,0.857421875,9445,9432,00:21.5686436
983.1075,506.92,0.861328125,9438,9439,00:21.5842652
982.2525,507.173333333333,0.861328125,9438,9439,00:21.5998371
980.8275,507.553333333333,0.861328125,9427,9450,00:21.5998371
980.5425,507.68,0.861328125,9421,9456,00:21.6154584
979.6875,507.933333333333,0.861328125,9421,9456,00:21.6220277
979.26,507.933333333333,0.861328125,9417,9460,00:21.6378117
977.6925,508.313333333333,0.861328125,9407,9469,00:21.6378117
977.4075,508.313333333333,0.861328125,9407,9469,00:21.6532768
976.41,508.44,0.861328125,9407,9469,00:21.6532768
975.9825,508.44,0.861328125,9402,9473,00:21.6688980
974.5575,508.44,0.861328125,9372,9497,00:21.6688980
974.13,508.566666666667,0.861328125,9355,9509,00:21.6845190
972.135,508.693333333333,0.859375,9326,9528,00:21.7001400
969.4275,509.073333333333,0.85205078125,9311,9537,00:21.7001400
968.715,509.2,0.85205078125,9311,9537,00:21.7222887
967.1475,509.326666666667,0.85205078125,9311,9537,00:21.7379321
963.7275,509.833333333333,0.85205078125,9322,9530,00:21.7379321
963.1575,509.833333333333,0.85205078125,9322,9530,00:21.7535539
961.59,510.086666666667,0.85205078125,9335,9522,00:21.7691920
959.7375,510.213333333333,0.85205078125,9360,9505,00:21.7851492
958.0275,510.34,0.860595703125,9389,9483,00:21.8007503
956.6025,510.34,0.860595703125,9414,9462,00:21.8007503
956.175,510.34,0.860595703125,9418,9458,00:21.8164858
955.035,510.466666666667,0.860595703125,9418,9458,00:21.8224908
954.18,510.34,0.860595703125,9422,9454,00:21.8382902
952.185,510.34,0.860595703125,9422,9454,00:21.8382902
951.615,510.213333333333,0.860595703125,9418,9458,00:21.8541167
949.905,510.086666666667,0.85595703125,9418,9458,00:21.8694848
947.1975,509.96,0.85205078125,9422,9455,00:21.8849807
944.49,509.58,0.85205078125,9426,9451,00:21.8849807
943.92,509.453333333333,0.85205078125,9421,9456,00:21.9006019
941.925,509.073333333333,0.85205078125,9421,9456,00:21.9162236
938.505,508.693333333333,0.85791015625,9421,9456,00:21.9383752
935.2275,508.566666666667,0.85986328125,9432,9446,00:21.9383752
934.515,508.44,0.85986328125,9438,9439,00:21.9539824
931.8075,508.44,0.85986328125,9448,9429,00:21.9539824
931.095,508.44,0.856689453125,9448,9429,00:21.9696106
929.385,508.44,0.85205078125,9448,9429,00:21.9852266
924.825,508.186666666667,0.85205078125,9448,9429,00:22.0008582
920.6925,507.933333333333,0.85205078125,9457,9419,00:22.0008582
919.8375,507.933333333333,0.85205078125,9457,9419,00:22.0229982
917.7,507.806666666667,0.85205078125,9457,9419,00:22.0386257
913.425,507.3,0.858642578125,9457,9419,00:22.0542588
910.7175,507.046666666667,0.858642578125,9463,9413,00:22.0542588
909.8625,506.92,0.858642578125,9463,9413,00:22.0698732
907.725,506.666666666667,0.858642578125,9463,9413,00:22.0855451
904.305,506.16,0.855712890625,9463,9413,00:22.1011804
900.885,505.78,0.855712890625,9458,9419,00:22.1167441
897.6075,505.4,0.855712890625,9464,9412,00:22.1232685
896.895,505.273333333333,0.855712890625,9464,9412,00:22.1389046
893.19,504.64,0.855712890625,9464,9412,00:22.1546698
890.1975,504.133333333333,0.855712890625,9474,9401,00:22.1702707
887.205,503.5,0.860595703125,9483,9390,00:22.1857644
883.9275,502.866666666667,0.85791015625,9486,9386,00:22.2013868
879.6525,501.98,0.85400390625,9480,9393,00:22.2170066
875.805,501.22,0.85400390625,9480,9393,00:22.2235122
874.8075,500.966666666667,0.85400390625,9480,9393,00:22.2391565
871.1025,500.333333333333,0.860595703125,9564,9454,00:22.2547582
866.8275,499.32,0.860595703125,9568,9449,00:22.2547582
865.9725,499.066666666667,0.860595703125,9573,9443,00:22.2703916
862.98,498.306666666667,0.860595703125,9579,9435,00:22.2860026
858.99,497.42,0.85400390625,9579,9435,00:22.3016341
853.86,496.406666666667,0.85400390625,9605,9488,00:22.3016341
852.8625,496.153333333333,0.85400390625,9605,9488,00:22.3172551
850.155,495.52,0.856689453125,9648,9522,00:22.3237666
848.445,495.14,0.860595703125,9648,9522,00:22.3393934
845.025,494.126666666667,0.85400390625,9648,9522,00:22.3550393
841.605,493.113333333333,0.85400390625,9635,9537,00:22.3710426
837.615,491.973333333333,0.85400390625,9610,9566,00:22.3867320
833.91,490.833333333333,0.85400390625,9605,9572,00:22.4023326
830.0625,489.946666666667,0.85205078125,9598,9578,00:22.4023326
829.065,489.693333333333,0.85205078125,9598,9578,00:22.4178355
826.5,488.933333333333,0.85205078125,9598,9578,00:22.4395518
821.085,487.54,0.85205078125,9598,9578,00:22.4551061
816.9525,486.526666666667,0.85205078125,9593,9584,00:22.4551061
815.8125,486.273333333333,0.85205078125,9585,9592,00:22.4707454
812.535,485.64,0.85205078125,9585,9592,00:22.4863556
808.6875,484.626666666667,0.85009765625,9689,9733,00:22.4863556
807.69,484.373333333333,0.85009765625,9689,9733,00:22.5019696
804.555,483.233333333333,0.857666015625,9689,9733,00:22.5175909
801.42,481.966666666667,0.860595703125,9689,9733,00:22.5175909
800.565,481.586666666667,0.860595703125,9689,9733,00:22.5397247
797.0025,479.94,0.860595703125,9689,9733,00:22.5553459
792.015,478.04,0.85693359375,9689,9733,00:22.5553459
791.16,477.786666666667,0.853759765625,9689,9733,00:22.5709669
787.5975,476.646666666667,0.847412109375,9728,9774,00:22.5866001
784.4625,475.506666666667,0.847412109375,9757,9819,00:22.6022214
781.47,474.493333333333,0.852294921875,9757,9819,00:22.6243735
778.7625,473.48,0.853759765625,9757,9819,00:22.6400139
774.06,471.833333333333,0.8583984375,9757,9819,00:22.6400139
773.0625,471.58,0.8583984375,9757,9819,00:22.6713415
770.925,470.566666666667,0.8583984375,9757,9819,00:22.6872785
765.225,468.16,0.840087890625,9833,9980,00:22.7029449
762.5175,467.02,0.829833984375,9902,10061,00:22.7182311
760.38,465.88,0.829833984375,9902,10061,00:22.7242510
759.81,465.626666666667,0.829833984375,9902,10061,00:22.7399310
757.245,464.486666666667,0.829833984375,9902,10061,00:22.7555048
755.1075,463.473333333333,0.829833984375,9902,10061,00:22.7555048
754.5375,463.22,0.829833984375,9902,10061,00:22.7711512
753.1125,462.46,0.829833984375,9902,10061,00:22.7711512
752.685,462.206666666667,0.829833984375,9902,10061,00:22.7867466
750.69,461.32,0.829833984375,9902,10061,00:22.8023742
749.4075,460.686666666667,0.829833984375,9902,10061,00:22.8245098
747.27,459.546666666667,0.829833984375,9902,10061,00:22.8245098
746.5575,459.166666666667,0.829833984375,9935,10122,00:22.8401349
745.56,458.28,0.829833984375,9942,10186,00:22.8401349
745.275,458.026666666667,0.8330078125,9942,10186,00:22.8557589
744.5625,457.52,0.8388671875,9942,10186,00:22.8713779
743.9925,457.14,0.8388671875,9942,10186,00:22.8870089
743.565,456.76,0.8388671875,9942,10186,00:22.9028327
743.28,456.506666666667,0.835693359375,9976,10229,00:22.9028327
742.995,456.38,0.83349609375,9976,10229,00:22.9182466
742.8525,456.126666666667,0.834228515625,9976,10229,00:22.9247950
742.71,456,0.836181640625,9976,10229,00:22.9404408
742.5675,455.746666666667,0.83056640625,9976,10229,00:22.9560443
742.425,455.493333333333,0.837158203125,9976,10229,00:22.9719175
742.425,455.493333333333,0.837158203125,9976,10229,00:22.9719175
742.425,455.493333333333,0.837158203125,9976,10229,00:22.9873224
742.2825,455.24,0.837158203125,9976,10229,00:22.9873224
742.2825,455.24,0.837158203125,9976,10229,00:23.0030756
742.2825,455.24,0.837158203125,9976,10229,00:23.0185834
742.425,455.113333333333,0.837158203125,9976,10229,00:23.0251559
742.425,454.86,0.837158203125,9976,10229,00:23.0407849
742.5675,454.733333333333,0.837158203125,9976,10229,00:23.0564076
742.8525,454.48,0.835205078125,9976,10229,00:23.0720277
743.565,454.226666666667,0.835205078125,9976,10229,00:23.0876485
744.5625,453.846666666667,0.83056640625,9976,10229,00:23.1253984
745.56,453.34,0.82177734375,9976,10229,00:23.1253984
745.845,453.213333333333,0.814697265625,9976,10229,00:23.1410312
747.4125,452.453333333333,0.724365234375,10010,10271,00:23.1410312
747.6975,452.2,0.6884765625,10010,10271,00:23.1566494
662.4825,333.133333333333,0.11376953125,10937,12139,00:24.0616049
662.4825,333.133333333333,0.11962890625,10937,12139,00:24.0771595
661.6275,334.526666666667,0.166015625,10937,12139,00:24.0927840
660.7725,336.046666666667,0.19580078125,10937,12139,00:24.1083988
659.0625,339.213333333333,0.219970703125,10937,12139,00:24.1302747
655.9275,342.886666666667,0.242919921875,10937,12139,00:24.1459099
652.65,346.306666666667,0.254150390625,10937,12139,00:24.1459099
650.7975,348.46,0.26513671875,10937,12139,00:24.1615248
647.3775,351.626666666667,0.28466796875,10937,12139,00:24.1615248
645.9525,352.64,0.292724609375,10937,12139,00:24.1771466
640.965,356.313333333333,0.317138671875,10937,12139,00:24.1771466
639.255,357.453333333333,0.324951171875,10937,12139,00:24.1927681
632.415,362.9,0.35205078125,10969,12124,00:24.2084005
625.1475,369.106666666667,0.3701171875,11004,12173,00:24.2084005
623.1525,370.626666666667,0.37353515625,11004,12173,00:24.2240217
617.31,375.693333333333,0.385498046875,11064,12143,00:24.2305333
613.1775,379.113333333333,0.394287109375,11092,12128,00:24.2461629
605.34,386.586666666667,0.40625,11092,12128,00:24.2461629
603.345,388.486666666667,0.408203125,11092,12128,00:24.2617915
597.075,394.06,0.4130859375,11120,12114,00:24.2774012
589.095,401.28,0.4150390625,11151,12097,00:24.2930589
581.5425,408.5,0.4169921875,11151,12097,00:24.3086556
573.705,415.466666666667,0.431640625,11241,12044,00:24.3242950
567.2925,422.053333333333,0.431640625,11300,12007,00:24.3465633
558.7425,430.666666666667,0.45166015625,11300,12007,00:24.3465633
557.3175,432.06,0.454833984375,11300,12007,00:24.3620915
553.3275,435.986666666667,0.462646484375,11373,11958,00:24.3777075
547.485,442.066666666667,0.47900390625,11454,11898,00:24.3933356
544.35,445.486666666667,0.483154296875,11454,11898,00:24.3933356
543.495,446.626666666667,0.483154296875,11454,11898,00:24.4089556
539.6475,450.933333333333,0.485107421875,11454,11898,00:24.4310934
534.8025,456.633333333333,0.489501953125,11477,11881,00:24.4467189
529.1025,463.346666666667,0.491455078125,11622,11758,00:24.4623524
527.25,465.373333333333,0.493408203125,11646,11736,00:24.4779635
522.8325,470.946666666667,0.495361328125,11646,11736,00:24.4935947
519.4125,475.76,0.502197265625,11646,11736,00:24.5092165
515.565,481.586666666667,0.509033203125,11646,11736,00:24.5248252
512.2875,485.893333333333,0.515869140625,11670,11713,00:24.5248252
511.29,487.16,0.518798828125,11696,11687,00:24.5470072
506.8725,492.86,0.522705078125,11786,11591,00:24.5625893
503.4525,497.546666666667,0.524658203125,11786,11591,00:24.5782109
500.46,502.233333333333,0.52685546875,11786,11591,00:24.5939687
497.7525,506.16,0.52880859375,11786,11591,00:24.5939687
497.1825,507.046666666667,0.52880859375,11786,11591,00:24.6095929
495.4725,509.706666666667,0.531005859375,11786,11591,00:24.6251851
492.9075,513.126666666667,0.532958984375,11786,11591,00:24.6311997
492.195,514.013333333333,0.534912109375,11786,11591,00:24.6468317
488.775,517.94,0.536865234375,11786,11591,00:24.6624512
486.21,520.853333333333,0.536865234375,11786,11591,00:24.6780777
483.93,523.513333333333,0.54296875,11806,11568,00:24.6780777
483.36,524.146666666667,0.5458984375,11806,11568,00:24.6936940
481.5075,526.553333333333,0.548828125,11806,11568,00:24.6936940
480.9375,527.06,0.548828125,11806,11568,00:24.7093155
479.085,529.086666666667,0.548828125,11806,11568,00:24.7093155
478.6575,529.593333333333,0.548828125,11826,11545,00:24.7314598
477.5175,530.986666666667,0.54248046875,11826,11545,00:24.7470857
475.38,533.646666666667,0.549072265625,11826,11545,00:24.7627187
473.955,535.293333333333,0.54638671875,11826,11545,00:24.7783341
472.9575,536.56,0.54248046875,11826,11545,00:24.7939510
471.5325,538.333333333333,0.54248046875,11826,11545,00:24.8095800
470.82,539.6,0.54248046875,11826,11545,00:24.8095800
470.6775,539.853333333333,0.54248046875,11826,11545,00:24.8314266
470.3925,540.233333333333,0.54248046875,11826,11545,00:24.8473809
470.1075,540.613333333333,0.544921875,11845,11522,00:24.8473809
469.8225,540.613333333333,0.544921875,11845,11522,00:24.8629174
469.5375,540.613333333333,0.544921875,11845,11522,00:24.8629174
469.5375,540.613333333333,0.544921875,11845,11522,00:24.8785010
469.5375,540.613333333333,0.54296875,11845,11522,00:24.8939841
469.5375,540.613333333333,0.54296875,11845,11522,00:24.8939841
469.5375,540.613333333333,0.54296875,11863,11500,00:24.9096209
469.5375,540.613333333333,0.541015625,11863,11500,00:24.9096209
469.5375,540.613333333333,0.541015625,11863,11500,00:24.9252198
469.5375,540.613333333333,0.541015625,11863,11500,00:24.9317719
469.5375,540.613333333333,0.541015625,11863,11500,00:24.9317719
469.5375,540.613333333333,0.541015625,11863,11500,00:24.9474474
469.5375,540.613333333333,0.541015625,11863,11500,00:24.9474474
469.5375,540.613333333333,0.541015625,11863,11500,00:24.9630231
469.5375,540.613333333333,0.541015625,11863,11500,00:24.9786445
470.3925,540.866666666667,0.541015625,11863,11500,00:24.9786445
470.3925,540.866666666667,0.541015625,11863,11500,00:24.9942787
471.105,541.246666666667,0.541015625,11863,11500,00:25.0098960
471.8175,541.5,0.5390625,11863,11500,00:25.0255088
471.8175,541.5,0.5390625,11863,11500,00:25.0320216
472.53,541.753333333333,0.5390625,11863,11500,00:25.0476566
473.385,542.133333333333,0.5390625,11863,11500,00:25.0632833
473.955,542.386666666667,0.54296875,11863,11500,00:25.0789047
474.6675,542.766666666667,0.545654296875,11863,11500,00:25.0789047
474.6675,542.766666666667,0.54296875,11863,11500,00:25.0945513
474.81,542.766666666667,0.54052734375,11863,11500,00:25.1101732
475.2375,542.893333333333,0.54052734375,11863,11500,00:25.1101732
475.5225,543.02,0.53857421875,11863,11500,00:25.1101732
475.5225,543.02,0.53857421875,11863,11500,00:25.1320584
476.0925,543.146666666667,0.53857421875,11863,11500,00:25.1320584
476.0925,543.146666666667,0.53857421875,11863,11500,00:25.1480403
476.52,543.273333333333,0.53857421875,11863,11500,00:25.1634775
476.805,543.273333333333,0.53857421875,11863,11500,00:25.1793751
476.9475,543.4,0.53857421875,11863,11500,00:25.1793751
476.9475,543.4,0.53857421875,11863,11500,00:25.1947058
477.2325,543.4,0.54052734375,11863,11500,00:25.1947058
477.2325,543.4,0.54052734375,11863,11500,00:25.2101744
477.2325,543.4,0.54052734375,11863,11500,00:25.2101744
477.2325,543.4,0.54052734375,11863,11500,00:25.2323599
477.5175,544.033333333333,0.54052734375,11863,11500,00:25.2323599
477.5175,544.033333333333,0.54052734375,11863,11500,00:25.2480016
477.5175,544.286666666667,0.54052734375,11863,11500,00:25.2636157
477.5175,544.92,0.54052734375,11863,11500,00:25.2792373
477.5175,545.553333333333,0.54052734375,11863,11500,00:25.2948566
477.375,546.566666666667,0.547119140625,11863,11500,00:25.3104833
477.09,547.453333333333,0.549072265625,11863,11500,00:25.3104833
476.9475,547.833333333333,0.549072265625,11863,11500,00:25.3326790
476.805,548.466666666667,0.54248046875,11881,11477,00:25.3483252
476.52,549.48,0.549072265625,11899,11453,00:25.3639420
476.3775,550.24,0.54248046875,11917,11430,00:25.3795631
476.235,550.873333333333,0.546875,11917,11430,00:25.3951846
476.0925,551.506666666667,0.54638671875,11917,11430,00:25.4107946
475.8075,552.393333333333,0.545166015625,11917,11430,00:25.4264335
475.665,552.9,0.546875,11917,11430,00:25.4264335
475.665,552.9,0.546875,11917,11430,00:25.4329587
475.665,552.9,0.543701171875,11917,11430,00:25.4489159
475.665,553.28,0.543701171875,11917,11430,00:25.4489159
475.665,553.28,0.546142578125,11917,11430,00:25.4489159
475.665,553.28,0.546142578125,11917,11430,00:25.4645089
475.5225,553.533333333333,0.546142578125,11917,11430,00:25.4645089
475.5225,553.533333333333,0.546142578125,11917,11430,00:25.4801425
475.5225,553.786666666667,0.546142578125,11917,11430,00:25.4954556
475.38,554.293333333333,0.546142578125,11917,11430,00:25.5110776
475.2375,554.8,0.546142578125,11917,11430,00:25.5266991
475.2375,554.8,0.54345703125,11917,11430,00:25.5266991
475.2375,555.053333333333,0.54345703125,11917,11430,00:25.5488553
475.2375,555.433333333333,0.54345703125,11934,11406,00:25.5645156
475.2375,555.433333333333,0.54345703125,11934,11406,00:25.5800854
475.2375,555.433333333333,0.54345703125,11934,11406,00:25.5800854
475.2375,555.433333333333,0.54345703125,11934,11406,00:25.5957061
475.665,555.813333333333,0.54345703125,11934,11406,00:25.5957061
475.665,555.813333333333,0.54345703125,11934,11406,00:25.6113286
476.235,555.94,0.545654296875,11934,11406,00:25.6113286
476.235,555.94,0.545654296875,11934,11406,00:25.6334681
477.2325,555.94,0.542724609375,11934,11406,00:25.6491246
478.9425,555.813333333333,0.545654296875,11953,11380,00:25.6647264
480.0825,555.56,0.547607421875,11953,11380,00:25.6803520
482.505,554.926666666667,0.547607421875,11971,11353,00:25.6961178
484.9275,554.293333333333,0.54541015625,11971,11353,00:25.7116168
487.7775,553.533333333333,0.54052734375,12023,11275,00:25.7272309
490.9125,552.646666666667,0.54052734375,12023,11275,00:25.7272309
491.7675,552.393333333333,0.54052734375,12023,11275,00:25.7494515
495.615,551.38,0.54052734375,12023,11275,00:25.7650610
499.035,550.366666666667,0.54052734375,12023,11275,00:25.7806777
503.025,549.226666666667,0.54052734375,12023,11275,00:25.7962541
507.4425,547.706666666667,0.54052734375,12023,11275,00:25.7962541
508.5825,547.326666666667,0.54052734375,12023,11275,00:25.8118779
511.86,546.313333333333,0.54052734375,12023,11275,00:25.8274864
515.9925,544.54,0.54248046875,12023,11275,00:25.8274864
516.99,544.033333333333,0.54248046875,12023,11275,00:25.8496202
522.405,541.373333333333,0.54248046875,12023,11275,00:25.8496202
523.6875,540.866666666667,0.54248046875,12023,11275,00:25.8652415
528.2475,539.093333333333,0.54248046875,12023,11275,00:25.8808744
532.8075,537.446666666667,0.54443359375,12023,11275,00:25.8964941
537.795,535.546666666667,0.54443359375,12023,11275,00:25.8964941
538.7925,535.04,0.54443359375,12023,11275,00:25.9121165
541.785,533.773333333333,0.54638671875,12023,11275,00:25.9121165
542.7825,533.14,0.549072265625,12023,11275,00:25.9342473
546.2025,531.493333333333,0.554931640625,12023,11275,00:25.9498850
553.6125,527.566666666667,0.556884765625,12023,11275,00:25.9654958
557.175,525.54,0.556884765625,11922,11193,00:25.9654958
558.315,524.906666666667,0.556884765625,11922,11193,00:25.9813408
562.305,521.993333333333,0.558837890625,11871,11269,00:25.9967400
566.295,519.08,0.560791015625,11835,11320,00:25.9967400
567.2925,518.32,0.560791015625,11818,11344,00:26.0126386
570.1425,516.166666666667,0.560791015625,11818,11344,00:26.0345539
574.1325,513,0.562744140625,11772,11305,00:26.0502507
580.1175,508.186666666667,0.564697265625,11724,11262,00:26.0659556
583.5375,505.273333333333,0.568603515625,11724,11262,00:26.0659556
584.3925,504.513333333333,0.568603515625,11724,11262,00:26.0815818
586.9575,502.233333333333,0.57080078125,11724,11262,00:26.0970470
590.52,499.066666666667,0.572998046875,11664,11339,00:26.0970470
591.5175,498.433333333333,0.574951171875,11664,11339,00:26.1126814
594.225,496.28,0.574951171875,11664,11339,00:26.1282895
598.9275,492.986666666667,0.579345703125,11664,11339,00:26.1347945
600.6375,491.72,0.579345703125,11664,11339,00:26.1504274
603.7725,489.313333333333,0.579345703125,11618,11297,00:26.1660475
606.765,487.16,0.581787109375,11618,11297,00:26.1816675
610.185,485.133333333333,0.584228515625,11618,11297,00:26.1816675
611.1825,484.626666666667,0.584228515625,11618,11297,00:26.1972858
613.89,482.98,0.590087890625,11598,11321,00:26.2129103
618.5925,480.32,0.58935546875,11598,11321,00:26.2285776
622.155,478.166666666667,0.58935546875,11598,11321,00:26.2350844
623.01,477.533333333333,0.58935546875,11547,11274,00:26.2507216
627,474.62,0.58935546875,11421,11323,00:26.2507216
627.7125,474.113333333333,0.58935546875,11421,11323,00:26.2663437
629.85,472.213333333333,0.59130859375,11377,11368,00:26.2820087
632.985,469.933333333333,0.59326171875,11377,11368,00:26.2820087
633.84,469.426666666667,0.59326171875,11377,11368,00:26.2975747
636.2625,467.653333333333,0.59521484375,11377,11368,00:26.3132229
639.825,465.373333333333,0.597412109375,11377,11368,00:26.3353396
643.1025,463.093333333333,0.60302734375,11332,11323,00:26.3511533
647.805,459.673333333333,0.609619140625,11289,11280,00:26.3666454
650.7975,457.393333333333,0.61181640625,11267,11301,00:26.3822159
653.505,455.493333333333,0.61376953125,11193,11371,00:26.3822159
654.075,455.24,0.61572265625,11193,11371,00:26.3978290
656.2125,454.353333333333,0.61767578125,11122,11431,00:26.4134633
658.2075,453.72,0.61767578125,11122,11431,00:26.4134633
658.4925,453.466666666667,0.61767578125,11122,11431,00:26.4290722
659.49,452.833333333333,0.61962890625,11122,11431,00:26.4517634
660.4875,452.2,0.61083984375,11122,11431,00:26.4517634
Time Elapsed till drawing started: 00:02.9615329
Time Elapsed till drawing submit: 00:29.2702078
